index,open,high,low,close,volume,vwap,timestamp,transactions,otc,stock_name,set
0,140.07,143.15,140.07,142.02,108081776.0,141.7417,2021-07-06 04:00:00,733637,,AAPL,train
0,227.2372,228.0,217.1334,219.86,69651750.0,220.5517,2021-07-06 04:00:00,609043,,TSLA,train
1,143.535,144.89,142.66,144.57,104899789.0,144.0183,2021-07-07 04:00:00,732815,,AAPL,train
1,221.4233,221.9,212.7733,214.8833,56359380.0,215.9126,2021-07-07 04:00:00,434569,,TSLA,train
2,141.58,144.06,140.665,143.24,104225458.0,142.5427,2021-07-08 04:00:00,772469,,AAPL,train
2,209.4567,218.1433,206.82,217.6033,68222448.0,213.5366,2021-07-08 04:00:00,474917,,TSLA,train
3,142.75,145.65,142.6522,145.11,99890799.0,144.7844,2021-07-09 04:00:00,635911,,AAPL,train
3,217.7283,219.6367,214.8967,218.9833,53789244.0,217.8973,2021-07-09 04:00:00,365437,,TSLA,train
4,146.21,146.32,144.0,144.5,76276717.0,144.7868,2021-07-12 04:00:00,516633,,AAPL,train
4,220.7333,229.08,220.7203,228.5667,77697126.0,226.7282,2021-07-12 04:00:00,541584,,TSLA,train
5,144.03,147.46,143.63,145.64,100798598.0,146.0546,2021-07-13 04:00:00,697061,,AAPL,train
5,228.7733,231.0933,222.0986,222.8467,62784276.0,225.8161,2021-07-13 04:00:00,437055,,TSLA,train
6,148.1,149.57,147.68,149.15,127014683.0,148.8217,2021-07-14 04:00:00,797729,,AAPL,train
6,223.5833,226.2033,217.6133,217.7933,64923570.0,221.8874,2021-07-14 04:00:00,432551,,TSLA,train
7,149.24,150.0,147.09,148.48,106559516.0,148.4417,2021-07-15 04:00:00,698332,,AAPL,train
7,219.4633,222.0467,212.6267,216.8667,60620313.0,217.3642,2021-07-15 04:00:00,431612,,TSLA,train
8,148.46,149.76,145.88,146.39,93219926.0,147.6247,2021-07-16 04:00:00,613155,,AAPL,train
8,218.2267,218.9,214.0667,214.74,48752910.0,215.6171,2021-07-16 04:00:00,334477,,TSLA,train
9,143.75,144.07,141.67,142.45,121434571.0,142.6131,2021-07-19 04:00:00,939624,,AAPL,train
9,209.9633,215.7333,207.0967,215.4067,63516270.0,212.0592,2021-07-19 04:00:00,482229,,TSLA,train
10,143.46,147.0997,142.96,146.15,96324436.0,145.5723,2021-07-20 04:00:00,614255,,AAPL,train
10,217.33,220.7972,213.5003,220.1667,46364781.0,216.8958,2021-07-20 04:00:00,340663,,TSLA,train
11,145.53,146.13,144.63,145.4,74031460.0,145.3658,2021-07-21 04:00:00,473574,,AAPL,train
11,219.87,221.62,216.7634,218.43,41560014.0,219.1101,2021-07-21 04:00:00,320574,,TSLA,train
12,145.935,148.195,145.81,146.8,77287356.0,146.991,2021-07-22 04:00:00,480209,,AAPL,train
12,218.8143,220.7233,214.8667,216.42,45317181.0,217.4179,2021-07-22 04:00:00,322067,,TSLA,train
13,147.55,148.7177,146.92,148.56,71447416.0,148.0368,2021-07-23 04:00:00,457247,,AAPL,train
13,215.4533,216.2667,212.4334,214.46,43783932.0,214.2329,2021-07-23 04:00:00,344486,,TSLA,train
14,148.27,149.83,147.7,148.99,72434089.0,149.1182,2021-07-26 04:00:00,489114,,AAPL,train
14,216.99,222.7333,215.7033,219.2067,75977118.0,219.8303,2021-07-26 04:00:00,548238,,TSLA,train
15,149.12,149.21,145.55,146.77,104803028.0,146.8324,2021-07-27 04:00:00,785621,,AAPL,train
15,221.1333,222.1667,209.08,214.9267,98437011.0,214.1465,2021-07-27 04:00:00,739725,,TSLA,train
16,144.81,146.97,142.54,144.98,118931191.0,144.8875,2021-07-28 04:00:00,829463,,AAPL,train
16,215.665,218.3233,213.1334,215.66,47524788.0,215.6897,2021-07-28 04:00:00,364628,,TSLA,train
17,144.685,146.55,144.58,145.64,56699475.0,145.8064,2021-07-29 04:00:00,416123,,AAPL,train
17,216.5967,227.8967,216.2667,225.7833,90883911.0,224.3728,2021-07-29 04:00:00,636937,,TSLA,train
18,144.38,146.33,144.11,145.86,70440626.0,145.3967,2021-07-30 04:00:00,466325,,AAPL,train
18,223.9193,232.51,223.0,229.0667,88903233.0,228.9831,2021-07-30 04:00:00,641107,,TSLA,train
19,146.36,146.95,145.25,145.52,61351461.0,145.8599,2021-08-02 04:00:00,458358,,AAPL,train
19,233.3333,242.3133,232.8,236.5567,100772745.0,238.6691,2021-08-02 04:00:00,817717,,TSLA,train
20,145.81,148.045,145.18,147.36,63536618.0,146.7499,2021-08-03 04:00:00,462817,,AAPL,train
20,239.6667,240.8833,233.67,236.58,64860759.0,236.7957,2021-08-03 04:00:00,498437,,TSLA,train
21,147.27,147.79,146.28,146.95,56357771.0,147.0473,2021-08-04 04:00:00,402501,,AAPL,train
21,237.0,241.6333,236.31,236.9733,51007941.0,238.1126,2021-08-04 04:00:00,409210,,TSLA,train
22,146.98,147.84,146.17,147.06,46216322.0,147.1115,2021-08-05 04:00:00,356212,,AAPL,train
22,238.6667,240.3166,237.1367,238.21,38758911.0,238.6349,2021-08-05 04:00:00,324933,,TSLA,train
23,146.35,147.11,145.63,146.14,53854313.0,146.2139,2021-08-06 04:00:00,374119,,AAPL,train
23,237.3,238.7767,232.5433,233.0333,46869147.0,234.5705,2021-08-06 04:00:00,410819,,TSLA,train
24,146.2,146.7,145.52,146.09,48858689.0,146.1113,2021-08-09 04:00:00,352471,,AAPL,train
24,236.7233,239.6767,235.0433,237.92,44146047.0,238.0059,2021-08-09 04:00:00,339984,,TSLA,train
25,146.44,147.71,145.3,145.6,68286400.0,146.1315,2021-08-10 04:00:00,431274,,AAPL,train
25,237.9967,238.8633,233.96,236.6633,40296915.0,236.3671,2021-08-10 04:00:00,321146,,TSLA,train
26,146.05,146.72,145.53,145.86,48493463.0,146.0228,2021-08-11 04:00:00,365446,,AAPL,train
26,237.57,238.3933,234.7367,235.94,29401674.0,236.1776,2021-08-11 04:00:00,256400,,TSLA,train
27,146.19,149.05,145.84,148.89,73771613.0,148.0103,2021-08-12 04:00:00,514669,,AAPL,train
27,235.4467,240.9333,233.1333,240.75,53045058.0,238.1116,2021-08-12 04:00:00,398939,,TSLA,train
28,148.97,149.4444,148.27,149.1,59375009.0,148.9194,2021-08-13 04:00:00,407900,,AAPL,train
28,241.2367,243.3,238.1133,239.0567,50178801.0,240.0851,2021-08-13 04:00:00,360935,,TSLA,train
29,148.535,151.19,146.47,151.12,103558782.0,149.4001,2021-08-16 04:00:00,704850,,AAPL,train
29,235.0233,236.5,225.4667,228.7233,69286359.0,229.1375,2021-08-16 04:00:00,625354,,TSLA,train
30,150.23,151.68,149.09,150.19,92202535.0,150.2473,2021-08-17 04:00:00,624238,,AAPL,train
30,224.22,224.86,216.28,221.9033,71120637.0,220.5081,2021-08-17 04:00:00,620027,,TSLA,train
31,149.8,150.72,146.15,146.36,86285490.0,148.2985,2021-08-18 04:00:00,647599,,AAPL,train
31,223.2493,231.9233,223.1167,229.6633,61035525.0,229.0779,2021-08-18 04:00:00,485564,,TSLA,train
32,145.03,148.0,144.5,146.7,86753154.0,146.4409,2021-08-19 04:00:00,639427,,AAPL,train
32,226.07,228.85,222.53,224.49,42940458.0,225.565,2021-08-19 04:00:00,344516,,TSLA,train
33,147.44,148.5,146.78,148.19,60249630.0,147.8157,2021-08-20 04:00:00,413517,,AAPL,train
33,227.6167,230.71,224.5667,226.7533,43925595.0,226.7106,2021-08-20 04:00:00,335421,,TSLA,train
34,148.31,150.19,147.89,149.71,60105710.0,149.4893,2021-08-23 04:00:00,428947,,AAPL,train
34,228.4807,237.3766,226.9168,235.4333,60720777.0,234.3614,2021-08-23 04:00:00,461265,,TSLA,train
35,149.45,150.86,149.15,149.62,48605228.0,149.9034,2021-08-24 04:00:00,370055,,AAPL,train
35,236.8933,238.4067,234.2133,236.1633,39220863.0,236.0749,2021-08-24 04:00:00,309478,,TSLA,train
36,149.81,150.32,147.8,148.36,58691297.0,148.5982,2021-08-25 04:00:00,460865,,AAPL,train
36,235.6767,238.99,234.6667,237.0667,37936686.0,237.2508,2021-08-25 04:00:00,292729,,TSLA,train
37,148.35,149.12,147.51,147.54,48597195.0,148.1147,2021-08-26 04:00:00,382720,,AAPL,train
37,236.1033,238.4667,232.54,233.72,39642876.0,235.1819,2021-08-26 04:00:00,321318,,TSLA,train
38,147.48,148.75,146.83,148.6,54858888.0,148.1201,2021-08-27 04:00:00,405190,,AAPL,train
38,235.0,238.3333,234.0334,237.3067,41501289.0,236.8642,2021-08-27 04:00:00,318473,,TSLA,train
39,149.0,153.49,148.61,153.12,90756723.0,152.1466,2021-08-30 04:00:00,659666,,AAPL,train
39,238.2383,243.6667,237.5767,243.6367,55752660.0,241.7218,2021-08-30 04:00:00,468646,,TSLA,train
40,152.66,152.8,151.29,151.83,85962417.0,152.0192,2021-08-31 04:00:00,534512,,AAPL,train
40,244.3333,246.7967,242.1467,245.24,62533908.0,244.8924,2021-08-31 04:00:00,421797,,TSLA,train
41,152.83,154.98,152.34,152.51,80207311.0,153.7673,2021-09-01 04:00:00,593508,,AAPL,train
41,244.6933,247.33,243.7567,244.6967,39613005.0,245.5254,2021-09-01 04:00:00,322494,,TSLA,train
42,153.87,154.72,152.4,153.65,71171317.0,153.6101,2021-09-02 04:00:00,519974,,AAPL,train
42,244.8333,246.99,243.5133,244.13,38390217.0,245.1442,2021-09-02 04:00:00,310315,,TSLA,train
43,153.76,154.63,153.09,154.3,57866066.0,154.0218,2021-09-03 04:00:00,431686,,AAPL,train
43,244.0831,244.6667,241.4,244.5233,45813135.0,243.123,2021-09-03 04:00:00,356919,,TSLA,train
44,154.97,157.26,154.39,156.69,83620937.0,156.1841,2021-09-07 04:00:00,628035,,AAPL,train
44,246.6667,253.4,246.42,250.9733,61112865.0,250.9015,2021-09-07 04:00:00,510160,,TSLA,train
45,156.98,157.04,153.975,155.11,74396207.0,155.1093,2021-09-08 04:00:00,598135,,AAPL,train
45,253.86,254.8167,246.9244,251.29,56379108.0,250.8541,2021-09-08 04:00:00,449473,,TSLA,train
46,155.49,156.11,153.95,154.07,57305730.0,154.8505,2021-09-09 04:00:00,469366,,AAPL,train
46,251.1367,254.0333,250.5434,251.62,42224193.0,252.2678,2021-09-09 04:00:00,331979,,TSLA,train
47,155.0,155.48,148.7,148.97,140829235.0,150.9988,2021-09-10 04:00:00,1168239,,AAPL,train
47,253.2,254.2033,244.84,245.4233,45547110.0,249.9031,2021-09-10 04:00:00,381150,,TSLA,train
48,150.63,151.42,148.75,149.55,104246371.0,149.6982,2021-09-13 04:00:00,760230,,AAPL,train
48,246.7381,248.26,236.2833,247.6667,69914181.0,242.8444,2021-09-13 04:00:00,517731,,TSLA,train
49,150.35,151.07,146.91,148.12,112148523.0,148.8369,2021-09-14 04:00:00,808779,,AAPL,train
49,247.5233,251.49,245.4667,248.1633,56548992.0,248.5718,2021-09-14 04:00:00,400122,,TSLA,train
50,148.56,149.44,146.37,149.03,84825078.0,148.0322,2021-09-15 04:00:00,635894,,AAPL,train
50,248.3333,252.2867,246.12,251.9433,46763832.0,249.6311,2021-09-15 04:00:00,358798,,TSLA,train
51,148.44,148.97,147.221,148.79,67981149.0,148.151,2021-09-16 04:00:00,501847,,AAPL,train
51,250.9433,252.97,249.2033,252.33,41770179.0,251.0823,2021-09-16 04:00:00,289971,,TSLA,train
52,148.82,148.82,145.76,146.06,129840322.0,146.6992,2021-09-17 04:00:00,713537,,AAPL,train
52,252.3833,253.68,250.0,253.1633,84552528.0,252.4875,2021-09-17 04:00:00,382955,,TSLA,train
53,143.8,144.84,141.27,142.94,123462362.0,142.7526,2021-09-20 04:00:00,1022141,,AAPL,train
53,244.8526,247.3333,239.5416,243.39,73503156.0,243.2716,2021-09-20 04:00:00,553754,,TSLA,train
54,143.93,144.6,142.78,143.43,75833962.0,143.74,2021-09-21 04:00:00,578041,,AAPL,train
54,244.93,248.2466,243.48,246.46,48359769.0,246.4715,2021-09-21 04:00:00,314317,,TSLA,train
55,144.45,146.43,143.7001,145.85,76404341.0,145.4092,2021-09-22 04:00:00,548480,,AAPL,train
55,247.8421,251.2233,246.3733,250.6467,45378816.0,249.3057,2021-09-22 04:00:00,318995,,TSLA,train
56,146.65,147.08,145.64,146.83,64727170.0,146.6924,2021-09-23 04:00:00,472238,,AAPL,train
56,251.6667,252.7333,249.3067,251.2133,35692581.0,251.1311,2021-09-23 04:00:00,286246,,TSLA,train
57,145.66,147.4701,145.56,146.92,53475569.0,146.4928,2021-09-24 04:00:00,400154,,AAPL,train
57,248.63,258.2667,248.1867,258.13,63294066.0,254.4216,2021-09-24 04:00:00,471400,,TSLA,train
58,145.47,145.96,143.82,145.37,74150726.0,145.1074,2021-09-27 04:00:00,529650,,AAPL,train
58,257.7067,266.3333,256.4367,263.7867,84196821.0,262.3125,2021-09-27 04:00:00,606216,,TSLA,train
59,143.25,144.75,141.69,141.91,108955840.0,142.6723,2021-09-28 04:00:00,823805,,AAPL,train
59,262.4,265.2133,255.3934,259.1867,76100166.0,260.2338,2021-09-28 04:00:00,536343,,TSLA,train
60,142.47,144.45,142.03,142.83,73592044.0,143.3984,2021-09-29 04:00:00,528983,,AAPL,train
60,259.9333,264.5,256.8933,260.4367,62815731.0,260.7965,2021-09-29 04:00:00,417682,,TSLA,train
61,143.66,144.378,141.28,141.5,90816408.0,142.4016,2021-09-30 04:00:00,660868,,AAPL,train
61,260.3333,263.0435,258.3333,258.4933,54639987.0,260.7063,2021-09-30 04:00:00,371342,,TSLA,train
62,141.9,142.92,139.1101,142.65,94606681.0,141.1056,2021-10-01 04:00:00,730084,,AAPL,train
62,259.4667,260.26,254.53,258.4067,51094242.0,257.3814,2021-10-01 04:00:00,364463,,TSLA,train
63,141.76,142.21,138.27,139.14,98322008.0,139.2908,2021-10-04 04:00:00,828320,,AAPL,train
63,265.5,268.99,258.7067,260.51,91450023.0,263.5127,2021-10-04 04:00:00,640559,,TSLA,train
64,139.49,142.24,139.36,141.11,80861062.0,140.9927,2021-10-05 04:00:00,562855,,AAPL,train
64,261.5987,265.77,258.0667,260.1967,55297875.0,261.7485,2021-10-05 04:00:00,401578,,TSLA,train
65,139.47,142.15,138.37,142.0,82821118.0,140.3828,2021-10-06 04:00:00,610961,,AAPL,train
65,258.7333,262.22,257.74,260.9167,43898304.0,260.2657,2021-10-06 04:00:00,333066,,TSLA,train
66,143.06,144.215,142.72,143.29,61732655.0,143.6657,2021-10-07 04:00:00,450794,,AAPL,train
66,261.82,268.3333,261.1267,264.5367,57587346.0,264.0463,2021-10-07 04:00:00,412492,,TSLA,train
67,144.03,144.1781,142.56,142.9,59892052.0,143.1747,2021-10-08 04:00:00,423540,,AAPL,train
67,265.4033,265.46,260.3033,261.83,51232590.0,262.3753,2021-10-08 04:00:00,411141,,TSLA,train
68,142.27,144.81,141.81,142.81,63952219.0,143.6675,2021-10-11 04:00:00,399220,,AAPL,train
68,262.55,267.08,261.8333,263.98,42563466.0,264.9601,2021-10-11 04:00:00,346229,,TSLA,train
69,143.23,143.25,141.0401,141.51,73035859.0,141.8587,2021-10-12 04:00:00,526042,,AAPL,train
69,266.9767,270.7733,265.5233,268.5733,66058860.0,268.9242,2021-10-12 04:00:00,499670,,TSLA,train
70,141.235,141.4,139.2,140.91,78762121.0,140.3071,2021-10-13 04:00:00,600890,,AAPL,train
70,270.1567,271.8033,268.5933,270.36,42360225.0,269.8971,2021-10-13 04:00:00,347501,,TSLA,train
71,142.11,143.88,141.51,143.76,69891600.0,143.2173,2021-10-14 04:00:00,447186,,AAPL,train
71,271.83,273.4167,271.1167,272.7733,35894160.0,272.4532,2021-10-14 04:00:00,304264,,TSLA,train
72,143.77,144.895,143.51,144.84,67642684.0,144.3214,2021-10-15 04:00:00,429707,,AAPL,train
72,274.5795,281.07,274.1167,281.01,56773701.0,277.7473,2021-10-15 04:00:00,454647,,TSLA,train
73,143.445,146.84,143.16,146.55,85389174.0,145.4235,2021-10-18 04:00:00,544217,,AAPL,train
73,283.93,291.7533,283.8233,290.0367,72621732.0,288.36,2021-10-18 04:00:00,595631,,TSLA,train
74,147.01,149.17,146.55,148.76,76378894.0,148.329,2021-10-19 04:00:00,532883,,AAPL,train
74,292.51,292.65,287.5033,288.09,52130634.0,289.8964,2021-10-19 04:00:00,478940,,TSLA,train
75,148.7,149.7539,148.12,149.26,58418788.0,149.0905,2021-10-20 04:00:00,437977,,AAPL,train
75,288.45,289.83,285.7933,288.6,42096156.0,288.0999,2021-10-20 04:00:00,402598,,TSLA,train
76,148.81,149.64,147.87,149.48,61345990.0,149.0317,2021-10-21 04:00:00,418119,,AAPL,train
76,285.3333,300.0,285.1682,298.0,94444362.0,296.3494,2021-10-21 04:00:00,737888,,TSLA,train
77,149.69,150.18,148.64,148.69,58855143.0,149.2955,2021-10-22 04:00:00,437719,,AAPL,train
77,298.5,303.3333,296.9867,303.2267,68642505.0,301.435,2021-10-22 04:00:00,577129,,TSLA,train
78,148.68,149.37,147.6211,148.64,50220555.0,148.5067,2021-10-25 04:00:00,425021,,AAPL,train
78,316.8433,348.34,314.7333,341.62,188556294.0,330.0893,2021-10-25 04:00:00,1654907,,TSLA,train
79,149.33,150.84,149.0101,149.32,60893393.0,149.5911,2021-10-26 04:00:00,459692,,AAPL,train
79,341.5633,364.98,333.8133,339.4767,187211904.0,347.9441,2021-10-26 04:00:00,1717719,,TSLA,train
80,149.36,149.73,148.49,148.85,56094929.0,149.1193,2021-10-27 04:00:00,407592,,AAPL,train
80,346.5533,356.96,343.5933,345.9533,115418847.0,349.5888,2021-10-27 04:00:00,935160,,TSLA,train
81,149.82,153.165,149.72,152.57,100064388.0,151.5945,2021-10-28 04:00:00,749706,,AAPL,train
81,356.1017,360.3333,351.4,359.0133,81639519.0,356.7144,2021-10-28 04:00:00,665902,,TSLA,train
82,147.215,149.94,146.4128,149.8,124953168.0,148.3331,2021-10-29 04:00:00,863685,,AAPL,train
82,360.62,371.7367,357.735,371.3333,89736651.0,365.2683,2021-10-29 04:00:00,763646,,TSLA,train
83,148.985,149.7,147.8,148.96,74588257.0,148.8099,2021-11-01 04:00:00,529659,,AAPL,train
83,381.6667,403.25,372.8867,402.8633,168128235.0,388.562,2021-11-01 04:00:00,1373408,,TSLA,train
84,148.66,151.57,148.65,150.02,69121986.0,150.3583,2021-11-02 04:00:00,517391,,AAPL,train
84,386.4517,402.8633,382.0,390.6667,128135646.0,392.265,2021-11-02 04:00:00,1230063,,TSLA,train
85,150.39,151.97,149.82,151.49,54511532.0,150.9171,2021-11-03 04:00:00,399115,,AAPL,train
85,392.4433,405.13,384.2067,404.62,103877037.0,395.044,2021-11-03 04:00:00,880456,,TSLA,train
86,151.58,152.43,150.64,150.96,60394613.0,151.3974,2021-11-04 04:00:00,457989,,AAPL,train
86,411.47,414.4967,405.6667,409.97,76027230.0,411.1497,2021-11-04 04:00:00,765003,,TSLA,train
87,151.89,152.2,150.06,151.28,65163883.0,151.0887,2021-11-05 04:00:00,424255,,AAPL,train
87,409.3333,413.29,402.6667,407.3633,64496736.0,409.105,2021-11-05 04:00:00,608329,,TSLA,train
88,151.41,151.57,150.16,150.44,55020868.0,150.8187,2021-11-08 05:00:00,416754,,AAPL,train
88,383.2617,399.0,377.6667,387.6467,100029345.0,391.5111,2021-11-08 05:00:00,1095849,,TSLA,train
89,150.2,151.428,150.0601,150.81,56787930.0,150.792,2021-11-09 05:00:00,455006,,AAPL,train
89,391.2,391.5,337.1733,341.1667,177308181.0,355.8876,2021-11-09 05:00:00,1826121,,TSLA,train
90,150.02,150.13,147.85,147.92,65160017.0,148.6034,2021-11-10 05:00:00,544210,,AAPL,train
90,336.8033,359.3667,329.1033,355.9833,128404407.0,349.7269,2021-11-10 05:00:00,1324844,,TSLA,train
91,148.96,149.43,147.681,147.87,40699950.0,148.169,2021-11-11 05:00:00,338584,,AAPL,train
91,367.59,368.3233,351.56,354.5033,67189704.0,357.6181,2021-11-11 05:00:00,686862,,TSLA,train
92,148.43,150.4,147.48,149.99,63804006.0,149.3536,2021-11-12 05:00:00,404421,,AAPL,train
92,349.1667,351.5,339.7333,344.4733,76478544.0,344.3532,2021-11-12 05:00:00,776560,,TSLA,train
93,150.37,151.88,149.43,150.0,59182803.0,150.2881,2021-11-15 05:00:00,422055,,AAPL,train
93,339.21,343.9933,326.2,337.7967,104326947.0,333.4236,2021-11-15 05:00:00,1250911,,TSLA,train
94,149.94,151.488,149.34,151.0,59256210.0,150.6976,2021-11-16 05:00:00,388990,,AAPL,train
94,334.4367,352.4,334.06,351.5767,79595877.0,347.3185,2021-11-16 05:00:00,715885,,TSLA,train
95,150.995,155.0,150.99,153.49,88807000.0,153.5371,2021-11-17 05:00:00,625976,,AAPL,train
95,354.5033,373.2133,351.8333,363.0033,94336095.0,363.1602,2021-11-17 05:00:00,891812,,TSLA,train
96,153.71,158.67,153.05,157.87,137777673.0,156.3264,2021-11-18 05:00:00,865061,,AAPL,train
96,368.85,370.6667,358.34,365.46,62696790.0,365.085,2021-11-18 05:00:00,618222,,TSLA,train
97,157.65,161.02,156.5328,160.55,117264897.0,159.5736,2021-11-19 05:00:00,816964,,AAPL,train
97,366.29,379.5733,364.2333,379.02,64926774.0,372.5221,2021-11-19 05:00:00,589438,,TSLA,train
98,161.68,165.7,161.0,161.02,117427889.0,163.5891,2021-11-22 05:00:00,890334,,AAPL,train
98,387.4433,400.65,377.4767,385.6233,99215277.0,391.6446,2021-11-22 05:00:00,968866,,TSLA,train
99,161.12,161.8,159.0601,161.41,96022899.0,160.3405,2021-11-23 05:00:00,712377,,AAPL,train
99,389.17,393.5,354.2333,369.6767,108515100.0,371.4038,2021-11-23 05:00:00,1032195,,TSLA,train
100,160.75,162.14,159.64,161.94,69263623.0,161.1093,2021-11-24 05:00:00,505241,,AAPL,train
100,360.13,377.59,354.0,372.0,67680714.0,369.7456,2021-11-24 05:00:00,645345,,TSLA,train
101,159.565,160.45,156.36,156.81,76940752.0,157.8439,2021-11-26 05:00:00,666767,,AAPL,train
101,366.49,369.5942,360.3333,360.64,34863570.0,364.0457,2021-11-26 05:00:00,391912,,TSLA,train
102,159.37,161.19,158.7901,160.24,88498217.0,160.1333,2021-11-29 05:00:00,663948,,AAPL,train
102,366.9967,380.89,366.73,378.9967,58393401.0,376.5422,2021-11-29 05:00:00,612271,,TSLA,train
103,159.985,165.52,159.92,165.3,173958056.0,163.775,2021-11-30 05:00:00,1139625,,AAPL,train
103,381.4567,389.3333,372.6667,381.5867,81276114.0,380.9451,2021-11-30 05:00:00,656495,,TSLA,train
104,167.48,170.3,164.53,164.77,152303002.0,167.6855,2021-12-01 05:00:00,1191148,,AAPL,train
104,386.8983,390.9466,363.5867,365.0,68804094.0,378.6982,2021-12-01 05:00:00,711880,,TSLA,train
105,158.735,164.2,157.8,163.76,136739174.0,161.8301,2021-12-02 05:00:00,1163153,,AAPL,train
105,366.3533,371.0,352.2167,361.5333,73114869.0,361.519,2021-12-02 05:00:00,729081,,TSLA,train
106,164.02,164.96,159.72,161.84,117949416.0,161.8243,2021-12-03 05:00:00,950980,,AAPL,train
106,361.5967,363.5251,333.4033,338.3233,92321985.0,342.9162,2021-12-03 05:00:00,1043576,,TSLA,train
107,164.29,167.8799,164.28,165.32,107496982.0,165.8234,2021-12-06 05:00:00,840677,,AAPL,train
107,333.8367,340.5467,316.8333,336.3367,81663111.0,330.1892,2021-12-06 05:00:00,1013293,,TSLA,train
108,169.08,171.58,168.34,171.18,120356951.0,170.5609,2021-12-07 05:00:00,834819,,AAPL,train
108,348.0667,352.558,342.27,350.5833,56084571.0,348.2279,2021-12-07 05:00:00,536692,,TSLA,train
109,172.125,175.96,170.7,175.08,116982099.0,174.0176,2021-12-08 05:00:00,871401,,AAPL,train
109,350.9033,357.46,344.3334,356.32,41906370.0,351.3338,2021-12-08 05:00:00,422182,,TSLA,train
110,174.91,176.75,173.92,174.56,108923738.0,175.277,2021-12-09 05:00:00,786129,,AAPL,train
110,353.5467,354.1633,334.12,334.6,59438496.0,342.2659,2021-12-09 05:00:00,630801,,TSLA,train
111,175.205,179.63,174.69,179.45,115402731.0,177.2721,2021-12-10 05:00:00,855797,,AAPL,train
111,336.25,340.3266,327.51,339.01,59664366.0,334.891,2021-12-10 05:00:00,677770,,TSLA,train
112,181.115,182.13,175.53,175.74,153237019.0,178.5988,2021-12-13 05:00:00,1148448,,AAPL,train
112,333.6967,335.0,317.14,322.1367,78595506.0,323.506,2021-12-13 05:00:00,1051658,,TSLA,train
113,175.25,177.74,172.21,174.33,139356181.0,174.4001,2021-12-14 05:00:00,985603,,AAPL,train
113,315.0,322.1367,310.0,319.5033,70792767.0,315.3847,2021-12-14 05:00:00,759622,,TSLA,train
114,175.11,179.5,172.3108,179.3,131063257.0,176.0771,2021-12-15 05:00:00,937053,,AAPL,train
114,317.7367,326.25,309.4167,325.33,72469230.0,317.7539,2021-12-15 05:00:00,764817,,TSLA,train
115,179.28,181.14,170.75,172.26,150185842.0,174.4138,2021-12-16 05:00:00,1202731,,AAPL,train
115,331.5,331.66,307.2833,308.9733,82771443.0,314.9169,2021-12-16 05:00:00,944100,,TSLA,train
116,169.93,173.47,169.69,171.14,194579041.0,171.2628,2021-12-17 05:00:00,994729,,AAPL,train
116,304.9233,320.22,303.0134,310.8567,100880262.0,312.1793,2021-12-17 05:00:00,733009,,TSLA,train
117,168.28,170.58,167.46,169.75,107499114.0,169.2626,2021-12-20 05:00:00,816118,,AAPL,train
117,303.5667,307.2295,297.7967,299.98,56471613.0,301.216,2021-12-20 05:00:00,697952,,TSLA,train
118,171.555,173.2,169.12,172.99,91167005.0,171.4815,2021-12-21 05:00:00,651088,,AAPL,train
118,305.6233,313.1667,295.3733,312.8433,71517915.0,305.3754,2021-12-21 05:00:00,714356,,TSLA,train
119,173.04,175.86,172.15,175.64,92135303.0,174.3316,2021-12-22 05:00:00,643554,,AAPL,train
119,321.8867,338.5533,319.0167,336.29,93634086.0,331.283,2021-12-22 05:00:00,900148,,TSLA,train
120,175.85,176.8499,175.27,176.28,68356567.0,176.1477,2021-12-23 05:00:00,502547,,AAPL,train
120,335.6,357.6589,332.52,355.6667,92643945.0,348.6172,2021-12-23 05:00:00,913995,,TSLA,train
121,177.085,180.42,177.07,180.33,74901582.0,179.0573,2021-12-27 05:00:00,630107,,AAPL,train
121,357.89,372.3333,356.9051,364.6467,70722480.0,366.54,2021-12-27 05:00:00,776895,,TSLA,train
122,180.16,181.33,178.53,179.29,78894335.0,179.7048,2021-12-28 05:00:00,631766,,AAPL,train
122,369.83,373.0,359.4733,362.8233,60323907.0,364.4647,2021-12-28 05:00:00,611866,,TSLA,train
123,179.33,180.63,178.14,179.38,62348931.0,179.4557,2021-12-29 05:00:00,491790,,AAPL,train
123,366.2133,368.0,354.7133,362.0633,56154045.0,361.5788,2021-12-29 05:00:00,539012,,TSLA,train
124,179.47,180.57,178.09,178.2,59773014.0,179.3744,2021-12-30 05:00:00,498664,,AAPL,train
124,353.7767,365.1833,351.05,356.78,47040939.0,359.1669,2021-12-30 05:00:00,493936,,TSLA,train
125,178.085,179.23,177.26,177.57,64062261.0,177.8004,2021-12-31 05:00:00,451687,,AAPL,train
125,357.8148,360.6666,351.53,352.26,40733625.0,355.7282,2021-12-31 05:00:00,381327,,TSLA,train
126,177.83,182.88,177.71,182.01,104677470.0,181.4156,2022-01-03 05:00:00,772691,,AAPL,train
126,382.5833,400.3567,378.68,399.9267,104686035.0,390.2519,2022-01-03 05:00:00,1162844,,TSLA,train
127,182.63,182.94,179.12,179.7,99110438.0,180.5574,2022-01-04 05:00:00,831890,,AAPL,train
127,396.5167,402.6667,374.35,383.1967,99798258.0,387.3708,2022-01-04 05:00:00,1051467,,TSLA,train
128,179.61,180.17,174.64,174.92,94535602.0,177.2884,2022-01-05 05:00:00,848513,,AAPL,train
128,382.2167,390.1133,360.3367,362.7067,80119797.0,375.5189,2022-01-05 05:00:00,811988,,TSLA,train
129,172.7,175.3,171.64,172.0,96882954.0,173.08,2022-01-06 05:00:00,960340,,AAPL,train
129,359.0,362.6667,340.1667,354.9,90324504.0,353.4321,2022-01-06 05:00:00,880974,,TSLA,train
130,172.89,174.14,171.03,172.17,86709147.0,172.4383,2022-01-07 05:00:00,716881,,AAPL,train
130,360.1233,360.31,336.6667,342.32,83999748.0,346.423,2022-01-07 05:00:00,823560,,TSLA,train
131,169.08,172.5,168.17,172.19,106754551.0,170.2886,2022-01-10 05:00:00,956337,,AAPL,train
131,333.3333,353.0333,326.6667,352.7067,91814877.0,339.1061,2022-01-10 05:00:00,971558,,TSLA,train
132,172.32,175.18,170.82,175.08,76138312.0,173.6337,2022-01-11 05:00:00,649652,,AAPL,train
132,351.2233,358.6167,346.2733,354.8,66045210.0,353.4942,2022-01-11 05:00:00,644108,,TSLA,train
133,176.12,177.18,174.82,175.53,74805173.0,175.8343,2022-01-12 05:00:00,642756,,AAPL,train
133,359.6167,371.6133,357.53,368.74,83739015.0,365.3181,2022-01-12 05:00:00,761538,,TSLA,train
134,175.78,176.62,171.79,172.19,84405760.0,173.9711,2022-01-13 05:00:00,692343,,AAPL,train
134,369.6883,371.8667,342.1797,343.8533,96909162.0,356.1911,2022-01-13 05:00:00,924351,,TSLA,train
135,171.34,173.78,171.09,173.07,80440778.0,172.3612,2022-01-14 05:00:00,672552,,AAPL,train
135,339.96,350.6667,337.7929,349.87,72916011.0,345.0503,2022-01-14 05:00:00,710334,,TSLA,train
136,171.51,172.54,169.405,169.8,91063979.0,170.5404,2022-01-18 05:00:00,780899,,AAPL,train
136,342.2017,356.93,338.6867,343.5033,66389409.0,347.3889,2022-01-18 05:00:00,662918,,TSLA,train
137,170.0,171.08,165.94,166.23,94814990.0,168.2999,2022-01-19 05:00:00,824022,,AAPL,train
137,347.235,351.5566,331.6667,331.8833,75429288.0,338.4547,2022-01-19 05:00:00,828697,,TSLA,train
138,166.98,169.68,164.18,164.51,91420515.0,167.0706,2022-01-20 05:00:00,795585,,AAPL,train
138,336.5767,347.22,331.3333,332.09,70488744.0,339.6337,2022-01-20 05:00:00,713219,,TSLA,train
139,164.415,166.33,162.3,162.41,122824858.0,163.8807,2022-01-21 05:00:00,1079476,,AAPL,train
139,332.1133,334.85,313.5,314.6333,103236027.0,321.275,2022-01-21 05:00:00,1146456,,TSLA,train
140,160.02,162.3,154.7,161.62,162706686.0,158.6897,2022-01-24 05:00:00,1632710,,AAPL,train
140,301.5867,311.171,283.8233,310.0,152325642.0,295.9355,2022-01-24 05:00:00,1596990,,TSLA,train
141,158.98,162.76,157.02,159.78,115777137.0,159.4274,2022-01-25 05:00:00,1008306,,AAPL,train
141,304.7333,317.0867,301.07,306.1333,85502706.0,307.3258,2022-01-25 05:00:00,818776,,TSLA,train
142,163.5,164.3894,157.82,159.69,108275307.0,161.41,2022-01-26 05:00:00,1017706,,AAPL,train
142,317.4767,329.23,302.0,312.47,104867283.0,315.5959,2022-01-26 05:00:00,1099442,,TSLA,train
143,162.45,163.84,158.28,159.22,121954638.0,161.2969,2022-01-27 05:00:00,1161003,,AAPL,train
143,311.12,311.7967,276.3333,276.3667,147106269.0,289.0602,2022-01-27 05:00:00,1862674,,TSLA,train
144,165.71,170.35,162.8,170.33,179435660.0,167.3083,2022-01-28 05:00:00,1518049,,AAPL,train
144,277.1867,285.8333,264.0033,282.1167,134778870.0,276.797,2022-01-28 05:00:00,1444816,,TSLA,train
145,170.16,175.0,169.51,174.78,115522090.0,173.1568,2022-01-31 05:00:00,933480,,AAPL,train
145,290.9033,312.6633,287.35,312.24,104253486.0,304.4411,2022-01-31 05:00:00,1019004,,TSLA,train
146,174.01,174.84,172.31,174.61,85595911.0,173.7061,2022-02-01 05:00:00,735250,,AAPL,train
146,311.7367,314.5667,301.6667,310.4167,73138338.0,309.0617,2022-02-01 05:00:00,756024,,TSLA,train
147,174.745,175.88,173.33,175.84,84914158.0,174.9413,2022-02-02 05:00:00,676308,,AAPL,train
147,309.3933,310.5,296.47,301.8867,66791055.0,303.0949,2022-02-02 05:00:00,716349,,TSLA,train
148,174.48,176.2399,172.12,172.9,89418074.0,174.3835,2022-02-03 05:00:00,724838,,AAPL,train
148,294.0,312.3333,293.5067,297.0467,78855558.0,303.1001,2022-02-03 05:00:00,767219,,TSLA,train
149,171.68,174.1,170.68,172.39,82446700.0,172.3165,2022-02-04 05:00:00,702966,,AAPL,train
149,299.0733,312.1667,293.7233,307.7733,73622073.0,304.8534,2022-02-04 05:00:00,683026,,TSLA,train
150,172.86,173.9458,170.95,171.66,77251204.0,172.4426,2022-02-07 05:00:00,571410,,AAPL,train
150,307.93,315.9233,300.903,302.4467,60244464.0,307.4059,2022-02-07 05:00:00,640681,,TSLA,train
151,171.73,175.35,171.43,174.83,74829217.0,173.8127,2022-02-08 05:00:00,634268,,AAPL,train
151,301.8433,308.7633,298.2667,307.3333,50729013.0,304.9393,2022-02-08 05:00:00,513024,,TSLA,train
152,176.05,176.65,174.9,176.28,71204538.0,175.8287,2022-02-09 05:00:00,573996,,AAPL,train
152,311.6667,315.4233,306.6667,310.6667,52259544.0,310.9541,2022-02-09 05:00:00,506985,,TSLA,train
153,174.14,175.48,171.55,172.12,90715899.0,173.5408,2022-02-10 05:00:00,761963,,AAPL,train
153,302.79,314.6033,298.9,301.5167,66126831.0,307.018,2022-02-10 05:00:00,689687,,TSLA,train
154,172.33,173.08,168.04,168.64,98490687.0,170.1997,2022-02-11 05:00:00,815714,,AAPL,train
154,303.21,305.32,283.5667,286.6667,79640919.0,293.1574,2022-02-11 05:00:00,950953,,TSLA,train
155,167.37,169.58,166.56,168.88,86185530.0,168.3917,2022-02-14 05:00:00,757491,,AAPL,train
155,287.19,299.6266,284.3833,291.92,67756416.0,291.81,2022-02-14 05:00:00,696441,,TSLA,train
156,170.97,172.95,170.25,172.79,64286317.0,171.6596,2022-02-15 05:00:00,562851,,AAPL,train
156,300.0,307.6667,297.7925,307.4767,57649542.0,304.818,2022-02-15 05:00:00,595378,,TSLA,train
157,171.85,173.34,170.05,172.55,61139697.0,171.6489,2022-02-16 05:00:00,543032,,AAPL,train
157,304.6833,308.81,300.4033,307.7967,51275046.0,304.7386,2022-02-16 05:00:00,475458,,TSLA,train
158,171.03,171.91,168.47,168.88,69589344.0,170.1812,2022-02-17 05:00:00,584118,,AAPL,train
158,304.42,306.1666,291.3667,292.1167,55178418.0,296.8698,2022-02-17 05:00:00,639879,,TSLA,train
159,169.82,170.5413,166.19,167.3,82772674.0,167.7969,2022-02-18 05:00:00,687677,,AAPL,train
159,295.3333,295.6233,279.2033,285.66,68246841.0,285.3844,2022-02-18 05:00:00,750962,,TSLA,train
160,164.98,166.69,162.15,164.32,91148358.0,164.5551,2022-02-22 05:00:00,897217,,AAPL,train
160,278.0433,285.5779,267.0334,273.8433,83199102.0,274.5847,2022-02-22 05:00:00,927740,,TSLA,train
161,165.54,166.15,159.75,160.07,90009247.0,162.1577,2022-02-23 05:00:00,820313,,AAPL,train
161,276.81,278.4332,253.52,254.68,95230638.0,263.2039,2022-02-23 05:00:00,1234432,,TSLA,train
162,152.58,162.85,152.0,162.74,141147540.0,158.0144,2022-02-24 05:00:00,1383829,,AAPL,train
162,233.4633,267.4933,233.3333,266.9233,135304215.0,251.8314,2022-02-24 05:00:00,1313565,,TSLA,train
163,163.84,165.12,160.8738,164.85,91974222.0,163.7895,2022-02-25 05:00:00,812155,,AAPL,train
163,269.7433,273.1667,260.8002,269.9567,76018263.0,267.3868,2022-02-25 05:00:00,752019,,TSLA,train
164,163.06,165.42,162.43,165.12,95056629.0,164.268,2022-02-28 05:00:00,791485,,AAPL,train
164,271.67,292.2867,271.5692,290.1433,99006867.0,285.2861,2022-02-28 05:00:00,875783,,TSLA,train
165,164.695,166.6,161.97,163.2,83468865.0,164.16,2022-03-01 05:00:00,749653,,AAPL,train
165,289.8933,296.6267,284.5933,288.1233,74616861.0,289.2076,2022-03-01 05:00:00,673279,,TSLA,train
166,164.39,167.36,162.95,166.56,79724750.0,165.8095,2022-03-02 05:00:00,668260,,AAPL,train
166,290.71,295.4933,281.424,293.2967,74640258.0,288.6066,2022-03-02 05:00:00,692957,,TSLA,train
167,168.47,168.91,165.55,166.23,76678441.0,166.918,2022-03-03 05:00:00,651764,,AAPL,train
167,292.9233,295.4797,277.5334,279.7633,61620507.0,285.0334,2022-03-03 05:00:00,646504,,TSLA,train
168,164.49,165.55,162.1,163.17,83819592.0,163.398,2022-03-04 05:00:00,743696,,AAPL,train
168,283.0333,285.2167,275.0536,279.43,67165461.0,279.8899,2022-03-04 05:00:00,598767,,TSLA,train
169,163.36,165.02,159.04,159.3,96418845.0,161.4026,2022-03-07 05:00:00,847057,,AAPL,train
169,285.4333,288.7133,268.19,268.1933,72494172.0,277.0593,2022-03-07 05:00:00,699898,,TSLA,train
170,158.82,162.88,155.8,157.44,131139480.0,158.7737,2022-03-08 05:00:00,1139149,,AAPL,train
170,265.1767,283.33,260.7233,274.8,80369106.0,273.8044,2022-03-08 05:00:00,737835,,TSLA,train
171,161.475,163.41,159.41,162.95,91445405.0,161.9446,2022-03-09 05:00:00,733685,,AAPL,train
171,279.8267,286.8533,277.3367,286.3233,59172669.0,283.561,2022-03-09 05:00:00,546170,,TSLA,train
172,160.2,160.39,155.98,158.52,105342033.0,158.0284,2022-03-10 05:00:00,882861,,AAPL,train
172,283.8167,284.8167,270.12,279.4333,58648644.0,276.7424,2022-03-10 05:00:00,571416,,TSLA,train
173,158.93,159.28,154.5,154.73,96917302.0,156.1598,2022-03-11 05:00:00,880727,,AAPL,train
173,280.0657,281.2673,264.59,265.1167,67037166.0,269.639,2022-03-11 05:00:00,749473,,TSLA,train
174,151.45,154.12,150.1,150.62,108712111.0,151.683,2022-03-14 04:00:00,969357,,AAPL,train
174,260.2033,266.9,252.0133,255.4567,71131263.0,257.9314,2022-03-14 04:00:00,783852,,TSLA,train
175,150.9,155.57,150.38,155.09,92964302.0,153.4741,2022-03-15 04:00:00,719955,,AAPL,train
175,258.4233,268.5233,252.19,267.2967,66839703.0,262.7294,2022-03-15 04:00:00,620156,,TSLA,train
176,157.05,160.0,154.46,159.59,102300157.0,157.6528,2022-03-16 04:00:00,833066,,AAPL,train
176,269.6667,280.6667,267.42,280.0767,84028821.0,275.9049,2022-03-16 04:00:00,751551,,TSLA,train
177,158.61,161.0,157.63,160.62,75615376.0,159.4208,2022-03-17 04:00:00,629003,,AAPL,train
177,276.9967,291.6667,275.2393,290.5333,66582972.0,285.5174,2022-03-17 04:00:00,608930,,TSLA,train
178,160.51,164.48,159.76,163.98,122610172.0,162.5971,2022-03-18 04:00:00,713986,,AAPL,train
178,291.4967,302.6167,289.13,301.7967,100378191.0,298.7398,2022-03-18 04:00:00,701623,,TSLA,train
179,163.51,166.35,163.015,165.38,95811352.0,164.7355,2022-03-21 04:00:00,721125,,AAPL,train
179,304.9933,314.2833,302.3633,307.0533,81980352.0,307.4873,2022-03-21 04:00:00,746489,,TSLA,train
180,165.51,169.42,164.91,168.82,81532007.0,168.2308,2022-03-22 04:00:00,638943,,AAPL,train
180,310.0,332.62,307.25,331.3267,105838857.0,321.0034,2022-03-22 04:00:00,940957,,TSLA,train
181,167.99,172.64,167.65,170.21,98062674.0,170.7915,2022-03-23 04:00:00,784481,,AAPL,train
181,326.6467,346.9,325.4667,333.0367,120476469.0,336.5311,2022-03-23 04:00:00,1124233,,TSLA,train
182,171.06,174.14,170.21,174.07,90131418.0,172.2655,2022-03-24 04:00:00,688102,,AAPL,train
182,336.5767,341.4967,329.6,337.9733,68914878.0,336.2858,2022-03-24 04:00:00,683996,,TSLA,train
183,173.88,175.28,172.75,174.72,80529356.0,174.0232,2022-03-25 04:00:00,663600,,AAPL,train
183,336.0,340.6,332.44,336.88,61968846.0,335.8521,2022-03-25 04:00:00,592400,,TSLA,train
184,172.17,175.73,172.0,175.6,90371916.0,174.3754,2022-03-28 04:00:00,716107,,AAPL,train
184,355.0333,365.96,351.2,363.9467,102300579.0,359.9024,2022-03-28 04:00:00,1109113,,TSLA,train
185,176.69,179.01,176.34,178.96,99459940.0,177.8604,2022-03-29 04:00:00,775943,,AAPL,train
185,369.33,371.59,357.7033,366.5233,73601607.0,365.5399,2022-03-29 04:00:00,831058,,TSLA,train
186,178.55,179.61,176.7,177.77,91340654.0,178.1191,2022-03-30 04:00:00,695863,,AAPL,train
186,363.7233,371.3167,361.3333,364.6633,59865006.0,366.1829,2022-03-30 04:00:00,597499,,TSLA,train
187,177.84,178.03,174.4,174.61,103049285.0,175.8765,2022-03-31 04:00:00,716272,,AAPL,train
187,364.8567,367.7133,358.8803,359.2,48992757.0,363.1294,2022-03-31 04:00:00,509541,,TSLA,train
188,174.03,174.88,171.94,174.31,78251328.0,173.4143,2022-04-01 04:00:00,661160,,AAPL,train
188,360.3833,364.9167,355.5467,361.53,54263223.0,360.4691,2022-04-01 04:00:00,549089,,TSLA,train
189,174.57,178.49,174.44,178.44,76545983.0,177.4855,2022-04-04 04:00:00,630374,,AAPL,train
189,363.1267,383.3033,357.51,381.8167,82177701.0,374.1053,2022-04-04 04:00:00,859373,,TSLA,train
190,177.5,178.3,174.415,175.06,73401786.0,175.9791,2022-04-05 04:00:00,621541,,AAPL,train
190,378.7667,384.29,362.4333,363.7533,79925019.0,371.3746,2022-04-05 04:00:00,859306,,TSLA,train
191,172.36,173.63,170.13,171.83,89058782.0,171.7887,2022-04-06 04:00:00,769485,,AAPL,train
191,357.8233,359.6667,342.5667,348.5867,89348535.0,349.0846,2022-04-06 04:00:00,963152,,TSLA,train
192,171.16,173.36,169.85,172.14,77594650.0,171.8049,2022-04-07 04:00:00,628352,,AAPL,train
192,350.7967,358.8633,340.5134,352.42,79436259.0,350.4434,2022-04-07 04:00:00,771753,,TSLA,train
193,171.78,171.78,169.2,170.09,76534208.0,170.5154,2022-04-08 04:00:00,614848,,AAPL,train
193,347.7367,349.48,340.8117,341.83,54777669.0,344.8107,2022-04-08 04:00:00,582320,,TSLA,train
194,168.71,169.03,165.5,165.75,72246706.0,166.692,2022-04-11 04:00:00,677210,,AAPL,train
194,326.8,336.156,324.88,325.31,59357205.0,329.3049,2022-04-11 04:00:00,756593,,TSLA,train
195,168.02,169.87,166.64,167.66,79265181.0,168.0916,2022-04-12 04:00:00,678461,,AAPL,train
195,332.5467,340.3974,325.5334,328.9833,65976096.0,332.427,2022-04-12 04:00:00,615650,,TSLA,train
196,167.39,171.04,166.77,170.4,70618925.0,169.6805,2022-04-13 04:00:00,558072,,AAPL,train
196,327.025,342.08,324.3657,340.79,55104912.0,334.9622,2022-04-13 04:00:00,521647,,TSLA,train
197,170.62,171.27,165.04,165.29,75069376.0,167.2264,2022-04-14 04:00:00,596848,,AAPL,train
197,333.0967,337.57,327.3967,328.3333,58413105.0,330.57,2022-04-14 04:00:00,580182,,TSLA,train
198,163.92,166.5984,163.57,165.07,69023941.0,164.9284,2022-04-18 04:00:00,576791,,AAPL,train
198,329.6767,338.3067,324.47,334.7633,51712161.0,332.4786,2022-04-18 04:00:00,544520,,TSLA,train
199,165.02,167.82,163.91,167.4,67723833.0,166.5491,2022-04-19 04:00:00,548306,,AAPL,train
199,335.02,344.98,331.775,342.7167,49814232.0,340.4812,2022-04-19 04:00:00,527905,,TSLA,train
200,168.76,168.88,166.1,167.23,67929814.0,167.3492,2022-04-20 04:00:00,595063,,AAPL,train
200,343.3333,344.6667,325.0834,325.7333,70604766.0,332.8011,2022-04-20 04:00:00,864906,,TSLA,train
201,168.91,171.53,165.91,166.42,87227768.0,168.8014,2022-04-21 04:00:00,752017,,AAPL,train
201,358.2433,364.0733,332.1383,336.26,105409695.0,348.7502,2022-04-21 04:00:00,1119156,,TSLA,train
202,166.46,167.8699,161.5,161.79,84875424.0,164.2289,2022-04-22 04:00:00,730001,,AAPL,train
202,338.3033,344.95,331.3334,335.0167,69680658.0,337.9642,2022-04-22 04:00:00,691866,,TSLA,train
203,161.12,163.17,158.46,162.88,96017376.0,160.7032,2022-04-25 04:00:00,925124,,AAPL,train
203,326.3233,336.2067,325.1,332.6733,68341335.0,330.9047,2022-04-25 04:00:00,719906,,TSLA,train
204,162.25,162.34,156.72,156.8,95595226.0,158.6074,2022-04-26 04:00:00,899965,,AAPL,train
204,331.81,333.3333,291.6667,292.14,136091667.0,303.7762,2022-04-26 04:00:00,1570848,,TSLA,train
205,155.91,159.79,155.38,156.57,88063191.0,157.4448,2022-04-27 04:00:00,777860,,AAPL,train
205,299.5267,306.0,292.4533,293.8367,76956396.0,298.9936,2022-04-27 04:00:00,913172,,TSLA,train
206,159.25,164.515,158.93,163.64,130149192.0,161.8622,2022-04-28 04:00:00,1126019,,AAPL,train
206,299.9933,300.0,273.9,292.5033,124940391.0,286.282,2022-04-28 04:00:00,1367545,,TSLA,train
207,161.84,166.2,157.25,157.65,131747495.0,160.7133,2022-04-29 04:00:00,1032218,,AAPL,train
207,300.75,311.4666,290.0,290.2533,88124595.0,300.3742,2022-04-29 04:00:00,892714,,TSLA,train
208,156.71,158.23,153.27,157.96,123050000.0,156.0357,2022-05-02 04:00:00,1154671,,AAPL,train
208,286.9233,302.12,282.6767,300.98,75781371.0,292.3097,2022-05-02 04:00:00,786411,,TSLA,train
209,158.15,160.71,156.32,159.48,88966526.0,158.8014,2022-05-03 04:00:00,706626,,AAPL,train
209,301.06,308.0267,296.1967,303.0833,63709575.0,302.8939,2022-05-03 04:00:00,607314,,TSLA,train
210,159.67,166.48,159.26,166.02,108206503.0,162.4245,2022-05-04 04:00:00,873681,,AAPL,train
210,301.3133,318.5,295.0933,317.54,81568704.0,305.7242,2022-05-04 04:00:00,728806,,TSLA,train
211,163.85,164.08,154.95,156.77,130419230.0,158.143,2022-05-05 04:00:00,1164746,,AAPL,train
211,313.07,315.2,285.9,291.0933,92519193.0,296.7581,2022-05-05 04:00:00,1016720,,TSLA,train
212,156.01,159.44,154.18,157.28,115494647.0,157.3298,2022-05-06 04:00:00,1023008,,AAPL,train
212,295.6667,296.0,281.035,288.55,72895911.0,289.3578,2022-05-06 04:00:00,790390,,TSLA,train
213,154.925,155.83,151.49,152.06,131577921.0,153.1029,2022-05-09 04:00:00,1103707,,AAPL,train
213,278.8167,281.8767,260.3833,262.37,90195672.0,270.0545,2022-05-09 04:00:00,1135040,,TSLA,train
214,155.52,156.74,152.93,154.51,115366736.0,154.8376,2022-05-10 04:00:00,988257,,AAPL,train
214,273.1033,275.12,258.0833,266.68,84401631.0,266.7964,2022-05-10 04:00:00,894442,,TSLA,train
215,153.5,155.45,145.81,146.5,142547625.0,149.4468,2022-05-11 04:00:00,1310796,,AAPL,train
215,265.0,269.9233,242.4,244.6667,96846759.0,255.2775,2022-05-11 04:00:00,1144553,,TSLA,train
216,142.77,146.2,138.8,142.56,182408091.0,142.066,2022-05-12 04:00:00,1678454,,AAPL,train
216,233.6667,253.22,226.6667,242.6667,140312862.0,240.3228,2022-05-12 04:00:00,1393017,,TSLA,train
217,144.59,148.105,143.11,147.11,113990852.0,146.3255,2022-05-13 04:00:00,920506,,AAPL,train
217,257.8267,262.45,250.5217,256.53,92000724.0,256.5688,2022-05-13 04:00:00,864581,,TSLA,train
218,145.55,147.5199,144.18,145.54,86643781.0,145.7814,2022-05-16 04:00:00,699719,,AAPL,train
218,255.72,256.5867,239.6962,241.4567,86094219.0,246.8347,2022-05-16 04:00:00,844607,,TSLA,train
219,148.86,149.77,146.68,149.24,78138254.0,148.443,2022-05-17 04:00:00,609263,,AAPL,train
219,249.12,254.8267,242.95,253.87,80236110.0,250.0824,2022-05-17 04:00:00,728839,,TSLA,train
220,146.85,147.3601,139.9,140.82,109742890.0,142.6901,2022-05-18 04:00:00,982288,,AAPL,train
220,248.1733,253.5,233.6033,236.6033,87211812.0,241.5649,2022-05-18 04:00:00,888561,,TSLA,train
221,139.88,141.66,136.6,137.35,135863540.0,138.66,2022-05-19 04:00:00,1219746,,AAPL,train
221,235.6667,244.6667,231.37,236.4733,90296673.0,237.4546,2022-05-19 04:00:00,822374,,TSLA,train
222,139.09,140.7,132.61,137.59,137392625.0,136.397,2022-05-20 04:00:00,1133362,,AAPL,train
222,237.9967,240.5273,211.0,221.3,144926805.0,221.1671,2022-05-20 04:00:00,1688029,,TSLA,train
223,137.79,143.26,137.65,143.11,117726265.0,141.4344,2022-05-23 04:00:00,851032,,AAPL,train
223,218.34,226.6517,212.6867,224.9667,88847838.0,220.9779,2022-05-23 04:00:00,885446,,TSLA,train
224,140.805,141.97,137.33,140.36,104132746.0,139.4136,2022-05-24 04:00:00,812515,,AAPL,train
224,217.8433,217.9733,206.8567,209.3867,89079615.0,212.0776,2022-05-24 04:00:00,916173,,TSLA,train
225,138.43,141.785,138.34,140.52,92482696.0,140.0769,2022-05-25 04:00:00,688316,,AAPL,train
225,207.95,223.1067,207.67,219.6,92139324.0,217.4007,2022-05-25 04:00:00,773480,,TSLA,train
226,137.39,144.34,137.14,143.78,90601098.0,142.3902,2022-05-26 04:00:00,670652,,AAPL,train
226,220.4733,239.5566,217.8867,235.91,105103344.0,231.8051,2022-05-26 04:00:00,912913,,TSLA,train
227,145.39,149.68,145.26,149.64,91425110.0,148.1995,2022-05-27 04:00:00,686376,,AAPL,train
227,241.0833,253.2667,240.177,253.21,89296227.0,249.216,2022-05-27 04:00:00,780166,,TSLA,train
228,149.07,150.66,146.84,148.84,103718416.0,149.0998,2022-05-31 04:00:00,706652,,AAPL,train
228,257.9467,259.6,244.7433,252.7533,101914371.0,253.2951,2022-05-31 04:00:00,869759,,TSLA,train
229,149.9,151.74,147.68,148.71,74286635.0,149.3747,2022-06-01 04:00:00,629251,,AAPL,train
229,251.72,257.3267,243.64,246.79,77247963.0,249.0146,2022-06-01 04:00:00,663698,,TSLA,train
230,147.83,151.27,146.86,151.21,72348055.0,149.5215,2022-06-02 04:00:00,574552,,AAPL,train
230,244.1567,264.21,242.0667,258.3333,93473118.0,256.9871,2022-06-02 04:00:00,762172,,TSLA,train
231,146.9,147.97,144.46,145.38,88570289.0,145.8127,2022-06-03 04:00:00,761195,,AAPL,train
231,243.225,247.7966,233.4178,234.5167,112393737.0,238.4253,2022-06-03 04:00:00,1099909,,TSLA,train
232,147.03,148.5689,144.9,146.14,71598380.0,146.6167,2022-06-06 04:00:00,605199,,AAPL,train
232,244.3533,244.8667,234.35,238.28,84204522.0,238.7857,2022-06-06 04:00:00,751095,,TSLA,train
233,144.345,149.0,144.1,148.71,67808150.0,147.5529,2022-06-07 04:00:00,527360,,AAPL,train
233,234.0,239.9967,230.0933,238.8867,72790647.0,236.7132,2022-06-07 04:00:00,641259,,TSLA,train
234,148.58,149.8697,147.46,147.96,53950201.0,148.6118,2022-06-08 04:00:00,430174,,AAPL,train
234,240.0867,249.9633,239.1767,241.8667,76090620.0,244.901,2022-06-08 04:00:00,683898,,TSLA,train
235,147.08,147.95,142.53,142.64,69472976.0,145.3266,2022-06-09 04:00:00,558178,,AAPL,train
235,249.34,255.5466,239.3267,239.7067,96292407.0,247.6278,2022-06-09 04:00:00,876379,,TSLA,train
236,140.28,140.76,137.06,137.13,91566637.0,138.1785,2022-06-10 04:00:00,826197,,AAPL,train
236,235.1567,239.5,227.9133,232.23,98060898.0,232.6588,2022-06-10 04:00:00,974758,,TSLA,train
237,132.87,135.2,131.44,131.88,122128099.0,133.128,2022-06-13 04:00:00,1019929,,AAPL,train
237,223.1667,226.6333,214.6833,215.7367,102767262.0,219.0915,2022-06-13 04:00:00,1042431,,TSLA,train
238,133.13,133.89,131.48,132.76,84784326.0,132.5738,2022-06-14 04:00:00,674981,,AAPL,train
238,218.2867,226.33,211.7367,220.89,97979796.0,218.7592,2022-06-14 04:00:00,805382,,TSLA,train
239,134.29,137.34,132.16,135.43,91532972.0,134.625,2022-06-15 04:00:00,733275,,AAPL,train
239,220.9167,235.6633,218.15,233.0,119115135.0,227.9185,2022-06-15 04:00:00,894423,,TSLA,train
240,132.08,132.39,129.04,130.06,107961508.0,130.4622,2022-06-16 04:00:00,909222,,AAPL,train
240,222.7367,225.1667,208.6933,213.1,107390670.0,215.7674,2022-06-16 04:00:00,979352,,TSLA,train
241,130.065,133.079,129.81,131.56,134520290.0,131.491,2022-06-17 04:00:00,744035,,AAPL,train
241,213.4333,220.9694,213.1967,216.76,92138970.0,216.8353,2022-06-17 04:00:00,673263,,TSLA,train
242,133.42,137.06,133.32,135.87,81000488.0,135.8508,2022-06-21 04:00:00,604547,,AAPL,train
242,224.6033,243.5774,224.3333,237.0367,122792955.0,237.601,2022-06-21 04:00:00,1004686,,TSLA,train
243,134.79,137.76,133.91,135.35,73409234.0,135.8581,2022-06-22 04:00:00,530526,,AAPL,train
243,234.5033,246.8333,233.8267,236.0867,101527260.0,239.5573,2022-06-22 04:00:00,758537,,TSLA,train
244,136.82,138.59,135.63,138.27,72433768.0,137.2859,2022-06-23 04:00:00,554898,,AAPL,train
244,237.905,239.3167,228.6367,235.07,104202678.0,234.0531,2022-06-23 04:00:00,795535,,TSLA,train
245,139.9,141.91,139.77,141.66,88401837.0,140.8332,2022-06-24 04:00:00,542278,,AAPL,train
245,237.4683,246.0667,236.0867,245.7067,94900695.0,243.4815,2022-06-24 04:00:00,684994,,TSLA,train
246,142.695,143.49,140.965,141.66,70207908.0,142.0413,2022-06-27 04:00:00,516175,,AAPL,train
246,249.3667,252.07,242.5655,244.92,89178312.0,246.1282,2022-06-27 04:00:00,681102,,TSLA,train
247,142.13,143.422,137.325,137.44,67315328.0,139.3752,2022-06-28 04:00:00,546240,,AAPL,train
247,244.4833,249.97,232.3433,232.6633,90661461.0,239.5313,2022-06-28 04:00:00,777804,,TSLA,train
248,137.46,140.67,136.67,139.23,66242411.0,139.2737,2022-06-29 04:00:00,572553,,AAPL,train
248,230.5,231.1733,222.2733,228.49,82897254.0,226.2679,2022-06-29 04:00:00,735896,,TSLA,train
249,137.25,138.37,133.7737,136.72,98964467.0,136.476,2022-06-30 04:00:00,710706,,AAPL,train
249,224.51,229.4567,218.8633,224.4733,94150452.0,224.8518,2022-06-30 04:00:00,761005,,TSLA,train
250,136.04,139.04,135.66,138.93,71051552.0,137.4774,2022-07-01 04:00:00,558680,,AAPL,train
250,227.0,230.23,222.12,227.2633,74460444.0,225.5937,2022-07-01 04:00:00,624916,,TSLA,train
251,137.77,141.61,136.93,141.56,73429641.0,139.7669,2022-07-05 04:00:00,601960,,AAPL,train
251,223.0,233.1467,216.1667,233.0667,84779112.0,224.8749,2022-07-05 04:00:00,783238,,TSLA,train
252,141.355,144.12,141.08,142.92,74064254.0,142.5582,2022-07-06 04:00:00,585624,,AAPL,train
252,230.78,234.5633,227.1867,231.7333,71853630.0,230.4281,2022-07-06 04:00:00,603510,,TSLA,train
253,143.29,146.55,143.28,146.35,66253709.0,145.6754,2022-07-07 04:00:00,539961,,AAPL,train
253,233.92,245.3617,232.21,244.5433,81930690.0,241.3002,2022-07-07 04:00:00,699835,,TSLA,train
254,145.265,147.55,145.0,147.04,64543598.0,146.6409,2022-07-08 04:00:00,520274,,AAPL,train
254,242.3333,254.98,241.1614,250.7633,101854086.0,250.1468,2022-07-08 04:00:00,825388,,TSLA,train
255,145.67,146.64,143.78,144.87,63305113.0,145.1524,2022-07-11 04:00:00,496267,,AAPL,train
255,252.1033,253.0633,233.6267,234.3433,99509220.0,239.3195,2022-07-11 04:00:00,875138,,TSLA,train
256,145.76,148.45,145.05,145.86,77588759.0,146.7948,2022-07-12 04:00:00,579531,,AAPL,train
256,236.8467,239.7733,228.3683,233.07,87930960.0,233.1107,2022-07-12 04:00:00,691927,,TSLA,train
257,142.99,146.45,142.1201,145.49,71185560.0,145.1932,2022-07-13 04:00:00,559357,,AAPL,train
257,225.5,242.06,225.0333,237.04,97954497.0,236.323,2022-07-13 04:00:00,769778,,TSLA,train
258,144.08,148.95,143.25,148.47,78140744.0,146.591,2022-07-14 04:00:00,614951,,AAPL,train
258,234.8967,238.6533,229.3333,238.3133,78549072.0,233.8923,2022-07-14 04:00:00,600568,,TSLA,train
259,149.78,150.86,148.2,150.17,76259931.0,149.5097,2022-07-15 04:00:00,550061,,AAPL,train
259,240.0,243.6233,236.89,240.0667,69678159.0,239.6746,2022-07-15 04:00:00,519685,,TSLA,train
260,150.74,151.57,146.7,147.07,81380868.0,149.0297,2022-07-18 04:00:00,620449,,AAPL,train
260,244.9367,250.5167,239.6033,240.5467,82526109.0,246.2174,2022-07-18 04:00:00,642640,,TSLA,train
261,147.92,151.23,146.91,151.0,82969067.0,149.7493,2022-07-19 04:00:00,576469,,AAPL,train
261,245.0,247.14,236.9767,245.53,80890110.0,243.1688,2022-07-19 04:00:00,623005,,TSLA,train
262,151.12,153.72,150.37,153.04,64823413.0,152.6255,2022-07-20 04:00:00,523491,,AAPL,train
262,246.7833,250.6633,243.483,247.5,88564089.0,248.3202,2022-07-20 04:00:00,751731,,TSLA,train
263,154.5,155.57,151.94,155.35,65064436.0,154.3545,2022-07-21 04:00:00,522802,,AAPL,train
263,255.1067,273.2667,254.8667,271.7067,141966552.0,265.6636,2022-07-21 04:00:00,1184822,,TSLA,train
264,155.39,156.28,153.41,154.09,66675373.0,154.6233,2022-07-22 04:00:00,527310,,AAPL,train
264,276.22,280.7867,270.7133,272.2433,103462317.0,275.2133,2022-07-22 04:00:00,908548,,TSLA,train
265,154.01,155.04,152.28,152.95,53580745.0,153.3004,2022-07-25 04:00:00,487391,,AAPL,train
265,272.2167,274.1467,267.4,268.4333,64073505.0,270.3138,2022-07-25 04:00:00,561058,,TSLA,train
266,152.265,153.085,150.8,151.6,55099091.0,151.6799,2022-07-26 04:00:00,472001,,AAPL,train
266,266.5133,267.31,256.2633,258.86,66820758.0,260.6672,2022-07-26 04:00:00,551723,,TSLA,train
267,152.58,157.33,152.16,156.79,78620688.0,155.2412,2022-07-27 04:00:00,579181,,AAPL,train
267,263.81,275.9256,261.79,274.82,88109988.0,270.3485,2022-07-27 04:00:00,671564,,TSLA,train
268,156.98,157.64,154.41,157.35,81378731.0,157.4654,2022-07-28 04:00:00,738631,,AAPL,train
268,280.0667,283.3,272.8,280.9,84722991.0,279.1299,2022-07-28 04:00:00,700681,,TSLA,train
269,161.24,163.63,159.5,162.51,101763760.0,162.249,2022-07-29 04:00:00,773742,,AAPL,train
269,280.7,298.32,279.1,297.15,95312883.0,289.7726,2022-07-29 04:00:00,783953,,TSLA,train
270,161.01,163.59,160.89,161.51,67778379.0,162.1045,2022-08-01 04:00:00,594290,,AAPL,train
270,301.275,311.8782,295.0,297.2767,117042888.0,302.5142,2022-08-01 04:00:00,1085383,,TSLA,train
271,160.1,162.41,159.63,160.01,59907025.0,160.6921,2022-08-02 04:00:00,543549,,AAPL,train
271,294.0033,307.8333,292.6667,300.5867,95577468.0,301.7962,2022-08-02 04:00:00,808466,,TSLA,train
272,160.84,166.59,160.75,166.13,82507488.0,164.9105,2022-08-03 04:00:00,682781,,AAPL,train
272,305.0,309.55,301.15,307.3967,79630905.0,306.3223,2022-08-03 04:00:00,746897,,TSLA,train
273,166.005,167.19,164.43,165.81,55474144.0,165.5946,2022-08-04 04:00:00,525012,,AAPL,train
273,311.0,313.6067,305.0,308.6333,72189717.0,309.0641,2022-08-04 04:00:00,694806,,TSLA,train
274,163.21,165.85,163.0,165.35,56696985.0,164.7432,2022-08-05 04:00:00,491310,,AAPL,train
274,302.67,304.6066,285.5447,288.17,113154780.0,294.417,2022-08-05 04:00:00,1123821,,TSLA,train
275,166.37,167.81,164.2,164.87,60362338.0,165.8939,2022-08-08 04:00:00,540017,,AAPL,train
275,295.0,305.2,289.0854,290.4233,99365274.0,297.5273,2022-08-08 04:00:00,925611,,TSLA,train
276,164.02,165.82,163.25,164.92,63075503.0,164.8395,2022-08-09 04:00:00,480552,,AAPL,train
276,290.2933,292.3967,279.3533,283.3333,86244681.0,284.1371,2022-08-09 04:00:00,806269,,TSLA,train
277,167.68,169.34,166.9,169.24,70170540.0,168.3496,2022-08-10 04:00:00,559789,,AAPL,train
277,297.0667,297.51,283.37,294.3567,94903572.0,291.0492,2022-08-10 04:00:00,888683,,TSLA,train
278,170.06,170.99,168.19,168.49,57142109.0,169.3737,2022-08-11 04:00:00,507914,,AAPL,train
278,296.5133,298.2367,285.8333,286.63,70155045.0,291.1466,2022-08-11 04:00:00,726685,,TSLA,train
279,169.82,172.17,169.4,172.1,68039382.0,171.0754,2022-08-12 04:00:00,557624,,AAPL,train
279,289.415,300.16,285.0333,300.03,79657287.0,293.8519,2022-08-12 04:00:00,676771,,TSLA,train
280,171.52,173.39,171.345,173.19,54091694.0,172.6254,2022-08-15 04:00:00,501625,,AAPL,train
280,301.7867,313.1333,301.23,309.32,89359167.0,307.9943,2022-08-15 04:00:00,825109,,TSLA,train
281,172.78,173.71,171.6618,173.03,56377050.0,172.7427,2022-08-16 04:00:00,515134,,AAPL,train
281,311.6667,314.6667,302.8833,306.5633,88071762.0,308.4057,2022-08-16 04:00:00,805570,,TSLA,train
282,172.77,176.15,172.57,174.55,79542037.0,174.3135,2022-08-17 04:00:00,686577,,AAPL,train
282,303.3967,309.6567,300.0333,303.9967,68765970.0,304.2888,2022-08-17 04:00:00,611535,,TSLA,train
283,173.75,174.9,173.12,174.15,62290075.0,174.1366,2022-08-18 04:00:00,545655,,AAPL,train
283,306.0,306.5,301.8533,302.87,47500536.0,304.2353,2022-08-18 04:00:00,490140,,TSLA,train
284,173.03,173.74,171.3101,171.52,70336995.0,172.2302,2022-08-19 04:00:00,573126,,AAPL,train
284,299.0,300.36,292.5,296.6667,61395387.0,295.689,2022-08-19 04:00:00,589024,,TSLA,train
285,169.69,169.86,167.135,167.57,68975809.0,168.2677,2022-08-22 04:00:00,620800,,AAPL,train
285,291.9133,292.4,286.2967,289.9133,55843347.0,289.1093,2022-08-22 04:00:00,587357,,TSLA,train
286,167.08,168.71,166.65,167.23,54147079.0,167.6231,2022-08-23 04:00:00,494686,,AAPL,train
286,291.4533,298.8266,287.9233,296.4533,63985044.0,294.7901,2022-08-23 04:00:00,576125,,TSLA,train
287,167.32,168.11,166.245,167.53,53841524.0,167.3144,2022-08-24 04:00:00,476970,,AAPL,train
287,297.5633,303.6467,296.5,297.0967,57254676.0,300.1117,2022-08-24 04:00:00,594435,,TSLA,train
288,168.78,170.14,168.35,170.03,51218209.0,169.3503,2022-08-25 04:00:00,465398,,AAPL,train
288,302.36,302.96,291.6,296.07,53208413.0,295.5359,2022-08-25 04:00:00,1041465,,TSLA,train
289,170.57,171.05,163.56,163.62,78960980.0,165.9997,2022-08-26 04:00:00,722008,,AAPL,train
289,297.43,302.0,287.47,288.09,57111447.0,292.6271,2022-08-26 04:00:00,984029,,TSLA,train
290,161.145,162.9,159.82,161.38,73313953.0,161.5291,2022-08-29 04:00:00,640593,,AAPL,train
290,282.83,287.74,280.7,284.82,41847822.0,284.4058,2022-08-29 04:00:00,693160,,TSLA,train
291,162.13,162.56,157.72,158.91,77906197.0,159.2926,2022-08-30 04:00:00,644671,,AAPL,train
291,287.865,288.48,272.65,277.7,50539284.0,279.4392,2022-08-30 04:00:00,827145,,TSLA,train
292,160.305,160.58,157.14,157.22,87991091.0,158.3972,2022-08-31 04:00:00,606827,,AAPL,train
292,280.62,281.25,271.81,275.61,52107337.0,276.3753,2022-08-31 04:00:00,756730,,TSLA,train
293,156.64,158.42,154.67,157.96,74229896.0,156.5232,2022-09-01 04:00:00,654667,,AAPL,train
293,272.575,277.58,266.15,277.16,54282224.0,271.3861,2022-09-01 04:00:00,836023,,TSLA,train
294,159.75,160.362,154.965,155.81,76807768.0,157.6597,2022-09-02 04:00:00,646414,,AAPL,train
294,281.065,282.35,269.08,270.21,50890090.0,274.5814,2022-09-02 04:00:00,760296,,TSLA,train
295,156.47,157.09,153.69,154.53,73714843.0,155.012,2022-09-06 04:00:00,687436,,AAPL,train
295,272.675,275.99,265.74,274.42,55847384.0,272.123,2022-09-06 04:00:00,852786,,TSLA,train
296,154.825,156.67,153.61,155.96,87293824.0,155.306,2022-09-07 04:00:00,696954,,AAPL,train
296,273.1,283.84,272.27,283.7,50013916.0,279.9115,2022-09-07 04:00:00,717323,,TSLA,train
297,154.64,156.36,152.68,154.46,84909447.0,154.3949,2022-09-08 04:00:00,697264,,AAPL,train
297,281.3,289.5,279.76,289.26,53713124.0,286.104,2022-09-08 04:00:00,713364,,TSLA,train
298,155.47,157.82,154.75,157.37,68081006.0,156.6625,2022-09-09 04:00:00,532851,,AAPL,train
298,291.67,299.85,291.245,299.68,54470854.0,297.338,2022-09-09 04:00:00,781284,,TSLA,train
299,159.59,164.26,159.3,163.43,104955962.0,162.4763,2022-09-12 04:00:00,801512,,AAPL,train
299,300.72,305.49,300.4,304.42,48674604.0,303.6127,2022-09-12 04:00:00,766855,,TSLA,train
300,159.9,160.54,153.37,153.84,122651554.0,156.1544,2022-09-13 04:00:00,1018108,,AAPL,train
300,292.9,297.3999,290.4,292.13,68229619.0,293.8625,2022-09-13 04:00:00,985167,,TSLA,train
301,154.785,157.1,153.6106,155.31,87935409.0,155.2607,2022-09-14 04:00:00,716065,,AAPL,train
301,292.24,306.0,291.64,302.61,72628653.0,300.5355,2022-09-14 04:00:00,951744,,TSLA,train
302,154.65,155.24,151.38,152.37,90481110.0,153.0058,2022-09-15 04:00:00,741143,,AAPL,train
302,301.825,309.12,300.7247,303.75,64771523.0,304.8665,2022-09-15 04:00:00,855303,,TSLA,train
303,151.21,151.35,148.37,150.7,160940131.0,150.2326,2022-09-16 04:00:00,850351,,AAPL,train
303,299.605,303.71,295.6005,303.35,87034286.0,300.6219,2022-09-16 04:00:00,757863,,TSLA,train
304,149.31,154.56,149.1,154.48,81474246.0,152.5543,2022-09-19 04:00:00,671956,,AAPL,train
304,300.09,309.84,297.8,309.07,60231156.0,306.3212,2022-09-19 04:00:00,842284,,TSLA,train
305,153.4,158.08,153.08,156.9,107639796.0,156.1314,2022-09-20 04:00:00,792170,,AAPL,train
305,306.91,313.33,305.58,308.73,61595783.0,309.3083,2022-09-20 04:00:00,819818,,TSLA,train
306,157.34,158.74,153.6,153.72,101696790.0,156.2959,2022-09-21 04:00:00,785023,,AAPL,train
306,308.29,313.8,300.63,300.8,62498656.0,307.5438,2022-09-21 04:00:00,837929,,TSLA,train
307,152.38,154.47,150.91,152.74,86652542.0,152.5709,2022-09-22 04:00:00,686879,,AAPL,train
307,299.86,301.29,285.82,288.59,70531910.0,291.5978,2022-09-22 04:00:00,1086009,,TSLA,train
308,151.19,151.47,148.56,150.43,96029909.0,150.0222,2022-09-23 04:00:00,766882,,AAPL,train
308,283.09,284.5,272.82,275.33,63702162.0,276.65,2022-09-23 04:00:00,1057060,,TSLA,train
309,149.66,153.7701,149.64,150.77,93339409.0,151.5222,2022-09-26 04:00:00,747666,,AAPL,train
309,271.83,284.09,270.31,276.01,57846913.0,278.2332,2022-09-26 04:00:00,909215,,TSLA,train
310,152.74,154.72,149.945,151.76,84282741.0,152.1335,2022-09-27 04:00:00,683776,,AAPL,train
310,283.84,288.67,277.51,282.94,61925185.0,283.4808,2022-09-27 04:00:00,857133,,TSLA,train
311,147.64,150.6414,144.84,149.84,146661387.0,147.5981,2022-09-28 04:00:00,1142717,,AAPL,train
311,283.08,289.0,277.57,287.81,54642017.0,283.4179,2022-09-28 04:00:00,739947,,TSLA,train
312,146.1,146.72,140.68,142.48,128138237.0,142.9002,2022-09-29 04:00:00,1067281,,AAPL,train
312,282.76,283.65,265.78,268.21,77613142.0,271.3946,2022-09-29 04:00:00,1125572,,TSLA,train
313,141.28,143.1,138.0,138.2,124910274.0,140.3818,2022-09-30 04:00:00,947003,,AAPL,train
313,266.145,275.57,262.47,265.25,67684990.0,269.0121,2022-09-30 04:00:00,927855,,TSLA,train
314,138.21,143.07,137.685,142.45,114311663.0,141.2135,2022-10-03 04:00:00,838786,,AAPL,train
314,254.5,255.16,241.01,242.4,98363541.0,245.3577,2022-10-03 04:00:00,1539826,,TSLA,train
315,145.03,146.22,144.26,146.1,87780064.0,145.4907,2022-10-04 04:00:00,687504,,AAPL,train
315,250.52,257.5,242.01,249.44,109128535.0,249.7201,2022-10-04 04:00:00,1313284,,TSLA,train
316,144.075,147.38,143.01,146.4,79269968.0,145.2495,2022-10-05 04:00:00,605861,,AAPL,train
316,245.01,246.6697,233.27,240.81,86982673.0,238.5136,2022-10-05 04:00:00,1172525,,TSLA,train
317,145.81,147.54,145.22,145.43,68308669.0,146.0741,2022-10-06 04:00:00,538671,,AAPL,train
317,239.44,244.58,235.35,238.13,69298437.0,239.3556,2022-10-06 04:00:00,827247,,TSLA,train
318,142.54,143.1,139.445,140.09,85925559.0,140.7932,2022-10-07 04:00:00,666459,,AAPL,train
318,233.935,234.5715,222.02,223.07,83916800.0,226.4628,2022-10-07 04:00:00,1245277,,TSLA,train
319,140.42,141.89,138.5729,140.42,74899002.0,140.1978,2022-10-10 04:00:00,620863,,AAPL,train
319,223.93,226.99,218.3582,222.96,67918618.0,223.4477,2022-10-10 04:00:00,890250,,TSLA,train
320,139.9,141.35,138.22,138.98,77001872.0,139.5393,2022-10-11 04:00:00,608882,,AAPL,train
320,220.945,225.75,215.0,216.5,77013202.0,220.6912,2022-10-11 04:00:00,926043,,TSLA,train
321,139.13,140.36,138.16,138.34,69933744.0,139.0968,2022-10-12 04:00:00,553185,,AAPL,train
321,215.33,219.2999,211.51,217.24,66714949.0,215.6162,2022-10-12 04:00:00,809804,,TSLA,train
322,134.99,143.59,134.37,142.99,113223975.0,139.7607,2022-10-13 04:00:00,874139,,AAPL,train
322,208.3,222.99,206.22,221.72,91461445.0,215.3832,2022-10-13 04:00:00,1157759,,TSLA,train
323,144.31,144.52,138.19,138.38,88597969.0,139.9229,2022-10-14 04:00:00,689680,,AAPL,train
323,224.01,226.26,204.16,204.99,93934561.0,211.6407,2022-10-14 04:00:00,1283326,,TSLA,train
324,141.065,142.9,140.27,142.41,85250639.0,141.9529,2022-10-17 04:00:00,634583,,AAPL,train
324,210.04,221.86,209.45,219.35,79428810.0,217.4758,2022-10-17 04:00:00,954631,,TSLA,train
325,145.49,146.7,140.61,143.75,99130632.0,144.0619,2022-10-18 04:00:00,785416,,AAPL,train
325,229.5,229.82,217.25,220.19,75890225.0,221.6084,2022-10-18 04:00:00,841837,,TSLA,train
326,141.69,144.9492,141.5,143.86,61757790.0,143.4441,2022-10-19 04:00:00,511348,,AAPL,train
326,219.8,222.93,217.78,222.04,65468379.0,219.7439,2022-10-19 04:00:00,864642,,TSLA,train
327,143.02,145.89,142.65,143.39,64521989.0,144.2072,2022-10-20 04:00:00,517760,,AAPL,train
327,208.28,215.55,202.0,207.28,117759436.0,208.5758,2022-10-20 04:00:00,1546084,,TSLA,train
328,142.87,147.8479,142.649,147.27,86548459.0,145.5191,2022-10-21 04:00:00,621571,,AAPL,train
328,206.415,214.66,203.8,214.44,75513754.0,210.2686,2022-10-21 04:00:00,903060,,TSLA,train
329,147.185,150.23,146.0,149.45,75981918.0,148.3743,2022-10-24 04:00:00,653020,,AAPL,train
329,205.82,213.5,198.5863,211.25,100035871.0,205.6768,2022-10-24 04:00:00,1305814,,TSLA,train
330,150.09,152.49,149.36,152.34,74682290.0,151.4347,2022-10-25 04:00:00,581421,,AAPL,train
330,210.1,224.3498,210.0,222.415,96507870.0,219.9929,2022-10-25 04:00:00,1050829,,TSLA,train
331,150.96,151.99,148.04,149.35,87883672.0,150.0488,2022-10-26 04:00:00,694793,,AAPL,train
331,219.4,230.6,218.2,224.64,85327078.0,226.5717,2022-10-26 04:00:00,922631,,TSLA,train
332,148.07,149.046,144.13,144.8,109161970.0,145.3119,2022-10-27 04:00:00,944053,,AAPL,train
332,229.77,233.81,222.85,225.09,61632874.0,226.1389,2022-10-27 04:00:00,740944,,TSLA,train
333,148.2,157.5,147.82,155.74,164762371.0,154.5822,2022-10-28 04:00:00,1228075,,AAPL,train
333,225.4,228.86,216.35,228.52,69152386.0,224.182,2022-10-28 04:00:00,794354,,TSLA,train
334,153.155,154.24,151.92,153.34,97932271.0,153.2791,2022-10-31 04:00:00,726843,,AAPL,train
334,226.19,229.85,221.94,227.54,61543761.0,226.6211,2022-10-31 04:00:00,717881,,TSLA,train
335,155.08,155.45,149.13,150.65,80379345.0,150.9807,2022-11-01 04:00:00,650595,,AAPL,train
335,234.05,237.3951,227.28,227.82,62688822.0,230.7892,2022-11-01 04:00:00,701489,,TSLA,train
336,148.945,152.17,145.0,145.03,93604623.0,148.2186,2022-11-02 04:00:00,788400,,AAPL,train
336,226.04,227.8699,214.82,214.98,63070293.0,222.012,2022-11-02 04:00:00,802301,,TSLA,train
337,142.06,142.8,138.75,138.88,97917166.0,140.1145,2022-11-03 04:00:00,871800,,AAPL,train
337,211.36,221.2,210.14,215.31,56538848.0,216.3383,2022-11-03 04:00:00,644110,,TSLA,train
338,142.09,142.67,134.38,138.38,140494796.0,137.3583,2022-11-04 04:00:00,1161631,,AAPL,train
338,222.6,223.8,203.08,207.47,98618712.0,211.1258,2022-11-04 04:00:00,1202728,,TSLA,train
339,137.11,139.145,135.671,138.92,83364228.0,137.4671,2022-11-07 05:00:00,715005,,AAPL,train
339,208.65,208.9,196.66,197.08,93916520.0,200.0527,2022-11-07 05:00:00,1347595,,TSLA,train
340,140.41,141.43,137.49,139.5,89908477.0,139.5702,2022-11-08 05:00:00,637312,,AAPL,train
340,194.02,195.2,186.75,191.3,128791804.0,191.4195,2022-11-08 05:00:00,1540661,,TSLA,train
341,138.5,138.55,134.5933,134.87,74903262.0,135.9897,2022-11-09 05:00:00,632982,,AAPL,train
341,190.775,195.89,177.12,177.59,126992555.0,184.5352,2022-11-09 05:00:00,1575592,,TSLA,train
342,141.24,146.87,139.5,146.87,118854028.0,144.1322,2022-11-10 05:00:00,875048,,AAPL,train
342,189.9,191.0,180.03,190.72,132703015.0,187.6075,2022-11-10 05:00:00,1406974,,TSLA,train
343,145.82,150.01,144.37,149.7,93966273.0,148.1929,2022-11-11 05:00:00,742241,,AAPL,train
343,186.0,196.52,182.59,195.97,114378775.0,191.468,2022-11-11 05:00:00,1168919,,TSLA,train
344,148.97,150.28,147.43,148.28,73374114.0,148.7236,2022-11-14 05:00:00,576289,,AAPL,train
344,192.77,195.73,186.34,190.95,92208649.0,191.8713,2022-11-14 05:00:00,953196,,TSLA,train
345,152.215,153.59,148.5613,150.04,89868332.0,151.2356,2022-11-15 05:00:00,703669,,AAPL,train
345,195.88,200.8237,192.06,194.42,91030136.0,196.6521,2022-11-15 05:00:00,984207,,TSLA,train
346,149.13,149.87,147.29,148.79,64218266.0,148.6596,2022-11-16 05:00:00,472247,,AAPL,train
346,191.51,192.57,185.66,186.92,66561999.0,188.3492,2022-11-16 05:00:00,812207,,TSLA,train
347,146.43,151.48,146.15,150.72,80389400.0,149.706,2022-11-17 05:00:00,563714,,AAPL,train
347,183.96,186.16,180.9,183.17,64335970.0,183.5598,2022-11-17 05:00:00,772735,,TSLA,train
348,152.305,152.7,149.97,151.29,74829573.0,151.1944,2022-11-18 05:00:00,514103,,AAPL,train
348,185.05,185.19,176.55,180.19,76048866.0,179.1596,2022-11-18 05:00:00,944090,,TSLA,train
349,150.16,150.37,147.715,148.01,58724070.0,148.4817,2022-11-21 05:00:00,504777,,AAPL,train
349,175.85,176.77,167.54,167.87,92848312.0,170.8799,2022-11-21 05:00:00,1251916,,TSLA,train
350,148.13,150.42,146.925,150.18,51804132.0,149.1957,2022-11-22 05:00:00,405185,,AAPL,train
350,168.63,170.92,166.185,169.91,78422477.0,168.9139,2022-11-22 05:00:00,863694,,TSLA,train
351,149.45,151.83,149.34,151.07,58283895.0,150.7871,2022-11-23 05:00:00,444423,,AAPL,train
351,173.57,183.62,172.5,183.2,109536709.0,179.4952,2022-11-23 05:00:00,1195367,,TSLA,train
352,148.305,148.88,147.12,148.11,35195860.0,148.1668,2022-11-25 05:00:00,319570,,AAPL,train
352,185.06,185.2,180.63,182.86,50672739.0,182.9317,2022-11-25 05:00:00,584237,,TSLA,train
353,145.14,146.64,143.38,144.22,69346522.0,144.782,2022-11-28 05:00:00,614357,,AAPL,train
353,179.96,188.5,179.0,182.92,93038148.0,184.7959,2022-11-28 05:00:00,975432,,TSLA,train
354,144.29,144.81,140.355,141.17,83736803.0,142.0517,2022-11-29 05:00:00,713280,,AAPL,train
354,184.99,186.38,178.75,180.83,82947611.0,182.4653,2022-11-29 05:00:00,883440,,TSLA,train
355,141.395,148.72,140.55,148.03,111314880.0,145.1721,2022-11-30 05:00:00,707647,,AAPL,train
355,182.43,194.76,180.6301,194.7,109186404.0,187.4975,2022-11-30 05:00:00,983598,,TSLA,train
356,148.21,149.13,146.61,148.31,71250416.0,148.105,2022-12-01 05:00:00,525985,,AAPL,train
356,197.08,198.92,191.8,194.7,80039013.0,195.1277,2022-12-01 05:00:00,855149,,TSLA,train
357,145.96,148.0,145.65,147.81,65438446.0,146.8594,2022-12-02 05:00:00,464550,,AAPL,train
357,191.78,196.25,191.11,194.86,73645922.0,193.446,2022-12-02 05:00:00,833601,,TSLA,train
358,147.77,150.9199,145.77,146.63,68826442.0,147.6384,2022-12-05 05:00:00,586791,,AAPL,train
358,189.44,191.27,180.55,182.45,93119617.0,184.6579,2022-12-05 05:00:00,1142290,,TSLA,train
359,147.075,147.3,141.92,142.91,64727186.0,143.7902,2022-12-06 05:00:00,537304,,AAPL,train
359,181.215,183.65,175.33,179.82,92136823.0,178.5344,2022-12-06 05:00:00,958145,,TSLA,train
360,142.19,143.37,140.0,140.94,69721094.0,141.1601,2022-12-07 05:00:00,565392,,AAPL,train
360,175.03,179.38,172.218,174.04,84213284.0,174.1752,2022-12-07 05:00:00,968023,,TSLA,train
361,142.36,143.52,141.1,142.65,62128338.0,142.5153,2022-12-08 05:00:00,456121,,AAPL,train
361,172.2,175.2,169.06,173.44,97524491.0,172.2853,2022-12-08 05:00:00,990873,,TSLA,train
362,142.34,145.57,140.9,142.16,76084511.0,143.2204,2022-12-09 05:00:00,530236,,AAPL,train
362,173.84,182.5,173.36,179.05,104872336.0,179.496,2022-12-09 05:00:00,1092808,,TSLA,train
363,142.7,144.5,141.06,144.49,70462654.0,143.0063,2022-12-12 05:00:00,492710,,AAPL,train
363,176.1,177.37,167.52,167.82,109294471.0,170.4238,2022-12-12 05:00:00,1292530,,TSLA,train
364,149.5,149.9692,144.24,145.47,93486161.0,146.5933,2022-12-13 05:00:00,706525,,AAPL,train
364,174.87,175.05,156.91,160.95,175862722.0,163.802,2022-12-13 05:00:00,2031801,,TSLA,train
365,145.35,146.655,141.16,143.21,82211182.0,144.2495,2022-12-14 05:00:00,597870,,AAPL,train
365,159.25,161.62,155.31,156.8,140682338.0,158.1331,2022-12-14 05:00:00,1524661,,TSLA,train
366,141.11,141.8,136.025,136.5,98463907.0,137.6359,2022-12-15 05:00:00,879346,,AAPL,train
366,153.44,160.9299,153.28,157.67,122306559.0,157.5867,2022-12-15 05:00:00,1220437,,TSLA,train
367,136.685,137.65,133.73,134.51,160063600.0,134.9476,2022-12-16 05:00:00,821076,,AAPL,train
367,159.635,160.99,150.04,150.23,139032175.0,152.099,2022-12-16 05:00:00,1253607,,TSLA,train
368,135.11,135.2,131.32,132.37,79592614.0,132.4667,2022-12-19 05:00:00,705820,,AAPL,train
368,154.0,155.25,145.82,149.87,139390634.0,150.5498,2022-12-19 05:00:00,1358579,,TSLA,train
369,131.39,133.25,129.89,132.3,77430718.0,131.8489,2022-12-20 05:00:00,640693,,AAPL,train
369,146.05,148.47,137.66,137.8,159495767.0,142.6928,2022-12-20 05:00:00,1664085,,TSLA,train
370,132.98,136.81,132.75,135.45,85927993.0,135.315,2022-12-21 05:00:00,588684,,AAPL,train
370,139.335,141.26,135.89,137.57,145349224.0,138.7148,2022-12-21 05:00:00,1332563,,TSLA,train
371,134.352,134.56,130.3,132.23,77696108.0,131.8997,2022-12-22 05:00:00,643294,,AAPL,train
371,136.0,136.63,122.26,125.35,210009450.0,127.7514,2022-12-22 05:00:00,2022631,,TSLA,train
372,130.92,132.415,129.64,131.86,63802893.0,131.1521,2022-12-23 05:00:00,541274,,AAPL,train
372,126.37,128.6173,121.02,123.15,166989688.0,123.9185,2022-12-23 05:00:00,1560091,,TSLA,train
373,131.38,131.41,128.72,130.03,69007830.0,129.9522,2022-12-27 05:00:00,608331,,AAPL,train
373,117.495,119.67,108.76,109.1,208643444.0,113.4453,2022-12-27 05:00:00,2057258,,TSLA,train
374,129.67,131.0275,125.87,126.04,85438391.0,127.5918,2022-12-28 05:00:00,762246,,AAPL,train
374,110.35,116.27,108.24,112.71,220957487.0,111.9452,2022-12-28 05:00:00,2046310,,TSLA,train
375,127.99,130.4814,127.73,129.61,75501810.0,129.4879,2022-12-29 05:00:00,598204,,AAPL,train
375,120.385,123.57,117.495,121.82,221899313.0,120.554,2022-12-29 05:00:00,1902588,,TSLA,train
376,128.41,129.95,127.43,129.93,76204209.0,128.8013,2022-12-30 05:00:00,592655,,AAPL,train
376,119.95,124.48,119.75,123.18,157777339.0,122.1341,2022-12-30 05:00:00,1506729,,TSLA,train
377,130.28,130.9,124.17,125.07,112117471.0,125.725,2023-01-03 05:00:00,1021065,,AAPL,train
377,118.47,118.8,104.64,108.1,231402818.0,109.5078,2023-01-03 05:00:00,2540111,,TSLA,train
378,126.89,128.6557,125.08,126.36,89100633.0,126.6464,2023-01-04 05:00:00,770042,,AAPL,train
378,109.11,114.59,107.52,113.64,180358575.0,111.7977,2023-01-04 05:00:00,1652353,,TSLA,train
379,127.13,127.77,124.76,125.02,80716808.0,126.0883,2023-01-05 05:00:00,665458,,AAPL,train
379,110.51,111.75,107.1601,110.34,157927424.0,109.6541,2023-01-05 05:00:00,1337242,,TSLA,train
380,126.01,130.29,124.89,129.62,87754715.0,128.1982,2023-01-06 05:00:00,711520,,AAPL,train
380,103.0,114.39,101.81,113.06,220874051.0,109.0248,2023-01-06 05:00:00,2015328,,TSLA,train
381,130.465,133.41,129.89,130.15,70790813.0,131.6292,2023-01-09 05:00:00,645365,,AAPL,train
381,118.96,123.52,117.11,119.77,190283951.0,121.0363,2023-01-09 05:00:00,1740776,,TSLA,train
382,130.26,131.2636,128.12,130.73,63896155.0,129.822,2023-01-10 05:00:00,554940,,AAPL,train
382,121.07,122.76,114.92,118.85,167603486.0,117.8401,2023-01-10 05:00:00,1402648,,TSLA,train
383,131.25,133.51,130.46,133.49,69458949.0,132.3081,2023-01-11 05:00:00,561278,,AAPL,train
383,122.09,125.95,120.51,123.22,183810771.0,122.6777,2023-01-11 05:00:00,1509956,,TSLA,train
384,133.88,134.26,131.44,133.41,71379648.0,133.171,2023-01-12 05:00:00,635331,,AAPL,train
384,122.56,124.1311,117.0,123.56,169400913.0,121.0372,2023-01-12 05:00:00,1432274,,TSLA,train
385,132.03,134.92,131.66,134.76,57809719.0,133.6773,2023-01-13 05:00:00,537385,,AAPL,train
385,116.55,122.63,115.6,122.4,180714119.0,119.4746,2023-01-13 05:00:00,1430041,,TSLA,train
386,134.83,137.29,134.13,135.94,63612627.0,135.7587,2023-01-17 05:00:00,595831,,AAPL,train
386,125.695,131.7,125.02,131.49,186476985.0,129.3585,2023-01-17 05:00:00,1495231,,TSLA,train
387,136.815,138.61,135.03,135.21,69672800.0,136.3316,2023-01-18 05:00:00,578304,,AAPL,train
387,136.555,136.68,127.01,128.78,195526818.0,130.7704,2023-01-18 05:00:00,1541859,,TSLA,train
388,134.08,136.25,133.77,135.27,58280413.0,134.9653,2023-01-19 05:00:00,491674,,AAPL,train
388,127.26,129.99,124.3082,127.17,170287880.0,127.1985,2023-01-19 05:00:00,1156273,,TSLA,train
389,135.28,138.02,134.22,137.87,80200655.0,136.3762,2023-01-20 05:00:00,552230,,AAPL,train
389,128.68,133.51,127.3466,133.42,138858136.0,131.0354,2023-01-20 05:00:00,991848,,TSLA,train
390,138.12,143.315,137.9,141.11,81760313.0,141.2116,2023-01-23 05:00:00,719288,,AAPL,train
390,135.87,145.3793,134.27,143.75,202107061.0,141.1574,2023-01-23 05:00:00,1479332,,TSLA,train
391,140.305,143.16,140.3,142.53,66435142.0,142.0507,2023-01-24 05:00:00,498679,,AAPL,train
391,143.0,146.5,141.1,143.89,158669331.0,143.5041,2023-01-24 05:00:00,1176066,,TSLA,train
392,140.89,142.43,138.81,141.86,65799349.0,140.7526,2023-01-25 05:00:00,536505,,AAPL,train
392,141.905,146.41,138.07,144.43,192731847.0,143.3163,2023-01-25 05:00:00,1579530,,TSLA,train
393,143.17,144.25,141.9,143.96,54105068.0,143.3429,2023-01-26 05:00:00,472135,,AAPL,train
393,159.965,161.42,154.76,160.27,234708790.0,157.8064,2023-01-26 05:00:00,2046126,,TSLA,train
394,143.155,147.23,143.08,145.93,70547743.0,145.8365,2023-01-27 05:00:00,560022,,AAPL,train
394,162.43,180.68,161.17,177.9,306542013.0,172.965,2023-01-27 05:00:00,2631365,,TSLA,train
395,144.955,145.55,142.85,143.0,64015274.0,143.6524,2023-01-30 05:00:00,551111,,AAPL,train
395,178.05,179.77,166.5,166.66,230862447.0,172.279,2023-01-30 05:00:00,2010138,,TSLA,train
396,142.7,144.34,142.28,144.29,65874459.0,143.6473,2023-01-31 05:00:00,468170,,AAPL,train
396,164.57,174.3,162.78,173.22,196729941.0,170.7898,2023-01-31 05:00:00,1496828,,TSLA,train
397,143.97,146.61,141.32,145.43,77663426.0,143.8723,2023-02-01 05:00:00,693374,,AAPL,test
397,173.89,183.805,169.93,181.41,213761623.0,175.8396,2023-02-01 05:00:00,1598173,,TSLA,test
398,148.9,151.18,148.17,150.82,118338980.0,149.3764,2023-02-02 05:00:00,996203,,AAPL,test
398,187.325,196.7501,182.61,188.27,217448287.0,190.5211,2023-02-02 05:00:00,1949049,,TSLA,test
399,148.03,157.38,147.83,154.5,154338835.0,154.2437,2023-02-03 05:00:00,1141350,,AAPL,test
399,183.95,199.0,183.69,189.98,232595013.0,193.3842,2023-02-03 05:00:00,1969265,,TSLA,test
400,152.575,153.1,150.78,151.73,69771906.0,152.0939,2023-02-06 05:00:00,583517,,AAPL,test
400,193.01,198.17,189.92,194.76,186180031.0,194.5538,2023-02-06 05:00:00,1591557,,TSLA,test
401,150.64,155.23,150.64,154.65,83322551.0,153.4202,2023-02-07 05:00:00,661767,,AAPL,test
401,196.43,197.5,189.55,196.81,185997767.0,194.1225,2023-02-07 05:00:00,1547233,,TSLA,test
402,153.88,154.58,151.168,151.92,63620079.0,152.3636,2023-02-08 05:00:00,524140,,AAPL,test
402,196.1,203.0,194.31,201.29,180612134.0,200.2789,2023-02-08 05:00:00,1575281,,TSLA,test
403,153.775,154.33,150.42,150.87,55994243.0,152.2769,2023-02-09 05:00:00,471973,,AAPL,test
403,207.775,214.0,204.77,207.32,215431442.0,209.9267,2023-02-09 05:00:00,2118951,,TSLA,test
404,149.46,151.3401,149.22,151.01,57388108.0,150.4054,2023-02-10 05:00:00,443405,,AAPL,test
404,202.225,206.2,192.89,196.89,204754129.0,198.1208,2023-02-10 05:00:00,1957749,,TSLA,test
405,150.952,154.26,150.92,153.85,62199013.0,153.231,2023-02-13 05:00:00,506668,,AAPL,test
405,194.415,196.3,187.61,194.64,172475452.0,193.2998,2023-02-13 05:00:00,1522129,,TSLA,test
406,152.12,153.77,150.86,153.2,61664023.0,152.5956,2023-02-14 05:00:00,528566,,AAPL,test
406,191.94,209.82,189.44,209.25,216334008.0,201.8225,2023-02-14 05:00:00,1819451,,TSLA,test
407,153.11,155.5,152.88,155.33,65665252.0,154.4536,2023-02-15 05:00:00,520574,,AAPL,test
407,211.755,214.66,206.11,214.24,182016181.0,211.6085,2023-02-15 05:00:00,1666645,,TSLA,test
408,153.51,156.33,153.3475,153.71,68167942.0,154.7143,2023-02-16 05:00:00,516187,,AAPL,test
408,210.78,217.65,201.84,202.04,229558338.0,211.3216,2023-02-16 05:00:00,2110972,,TSLA,test
409,152.35,153.0,150.85,152.55,59105618.0,152.0451,2023-02-17 05:00:00,468580,,AAPL,test
409,199.985,208.44,197.5,208.31,213728549.0,202.9642,2023-02-17 05:00:00,1836021,,TSLA,test
410,150.2,151.3,148.405,148.48,58217230.0,149.3501,2023-02-21 05:00:00,509342,,AAPL,test
410,204.99,209.71,197.22,197.37,179997088.0,202.4126,2023-02-21 05:00:00,1812467,,TSLA,test
411,148.87,149.95,147.16,148.91,51008155.0,148.5494,2023-02-22 05:00:00,429775,,AAPL,test
411,197.93,201.99,191.78,200.86,191730657.0,197.461,2023-02-22 05:00:00,1620639,,TSLA,test
412,150.09,150.34,147.24,149.4,48392049.0,148.8407,2023-02-23 05:00:00,425159,,AAPL,test
412,203.91,205.14,196.33,202.07,146359950.0,200.6393,2023-02-23 05:00:00,1294328,,TSLA,test
413,147.11,147.19,145.7202,146.71,55469606.0,146.3861,2023-02-24 05:00:00,472221,,AAPL,test
413,196.325,197.6695,192.8,196.88,142221085.0,195.575,2023-02-24 05:00:00,1355710,,TSLA,test
414,147.71,149.17,147.45,147.92,44998470.0,148.1344,2023-02-27 05:00:00,418069,,AAPL,test
414,202.03,209.42,201.26,207.63,161026215.0,206.3174,2023-02-27 05:00:00,1526655,,TSLA,test
415,147.05,149.08,146.83,147.41,50546998.0,147.7996,2023-02-28 05:00:00,383779,,AAPL,test
415,210.59,211.23,203.75,205.71,153140787.0,207.0803,2023-02-28 05:00:00,1422655,,TSLA,test
416,146.83,147.2285,145.01,145.31,55478991.0,145.868,2023-03-01 05:00:00,461613,,AAPL,test
416,206.21,207.2,198.52,202.77,156837790.0,201.4307,2023-03-01 05:00:00,1412446,,TSLA,test
417,144.38,146.71,143.9,145.91,52279761.0,145.1652,2023-03-02 05:00:00,413238,,AAPL,test
417,186.74,193.7499,186.01,190.9,181943904.0,190.0234,2023-03-02 05:00:00,1843861,,TSLA,test
418,148.045,151.11,147.33,151.03,70725339.0,150.0304,2023-03-03 05:00:00,558706,,AAPL,test
418,194.795,200.48,192.88,197.79,154150777.0,197.507,2023-03-03 05:00:00,1388271,,TSLA,test
419,153.785,156.3,153.46,153.83,87558028.0,154.6895,2023-03-06 05:00:00,691990,,AAPL,test
419,198.54,198.6,192.3,193.81,128086106.0,195.2121,2023-03-06 05:00:00,1172406,,TSLA,test
420,153.7,154.0299,151.13,151.6,56136378.0,152.2768,2023-03-07 05:00:00,496631,,AAPL,test
420,191.38,194.2,186.1,187.71,148125790.0,190.1195,2023-03-07 05:00:00,1386300,,TSLA,test
421,152.81,153.47,151.83,152.87,47204791.0,152.6973,2023-03-08 05:00:00,405203,,AAPL,test
421,185.04,186.5,180.0,182.0,151731963.0,181.8242,2023-03-08 05:00:00,1422858,,TSLA,test
422,153.559,154.535,150.225,150.59,53833122.0,152.4689,2023-03-09 05:00:00,480909,,AAPL,test
422,180.25,185.18,172.5124,172.92,170023794.0,178.8095,2023-03-09 05:00:00,1708131,,TSLA,test
423,150.21,150.94,147.6096,148.5,68559600.0,149.0716,2023-03-10 05:00:00,611457,,AAPL,test
423,175.13,178.29,168.44,173.44,191488872.0,174.2728,2023-03-10 05:00:00,1624263,,TSLA,test
424,147.805,153.14,147.7,150.47,84457122.0,151.1835,2023-03-13 04:00:00,760660,,AAPL,test
424,167.455,177.35,163.91,174.48,167790256.0,171.6746,2023-03-13 04:00:00,1583454,,TSLA,test
425,151.28,153.4,150.1,152.59,72045893.0,152.1061,2023-03-14 04:00:00,565196,,AAPL,test
425,177.31,183.8,177.1401,183.26,143717897.0,181.1945,2023-03-14 04:00:00,1184341,,TSLA,test
426,151.19,153.245,149.92,152.99,77167866.0,151.7861,2023-03-15 04:00:00,703116,,AAPL,test
426,180.8,182.34,176.03,180.45,145973833.0,179.3899,2023-03-15 04:00:00,1283031,,TSLA,test
427,152.16,156.46,151.64,155.85,76206919.0,154.813,2023-03-16 04:00:00,676097,,AAPL,test
427,180.365,185.81,178.84,184.13,121364253.0,182.9179,2023-03-16 04:00:00,1120979,,TSLA,test
428,156.08,156.74,154.28,155.0,98944633.0,155.3402,2023-03-17 04:00:00,615778,,AAPL,test
428,184.515,186.2199,177.33,180.13,132582140.0,180.4693,2023-03-17 04:00:00,1174346,,TSLA,test
429,155.07,157.82,154.15,157.4,72711415.0,156.6059,2023-03-20 04:00:00,628984,,AAPL,test
429,178.08,186.44,176.35,183.25,129284359.0,182.8769,2023-03-20 04:00:00,1179253,,TSLA,test
430,157.32,159.4,156.54,159.28,73938285.0,158.3406,2023-03-21 04:00:00,590982,,AAPL,test
430,188.28,198.0,188.04,197.58,153391444.0,193.691,2023-03-21 04:00:00,1456132,,TSLA,test
431,159.3,162.14,157.81,157.83,75349311.0,159.6832,2023-03-22 04:00:00,656865,,AAPL,test
431,199.3,200.66,190.95,191.15,150370133.0,196.6986,2023-03-22 04:00:00,1424877,,TSLA,test
432,158.83,161.5501,157.68,158.93,67482060.0,159.5685,2023-03-23 04:00:00,614268,,AAPL,test
432,195.26,199.31,188.65,192.22,144193876.0,194.6499,2023-03-23 04:00:00,1324622,,TSLA,test
433,158.86,160.34,157.85,160.25,59006343.0,159.2417,2023-03-24 04:00:00,517531,,AAPL,test
433,191.65,192.36,187.15,190.41,116511584.0,189.5479,2023-03-24 04:00:00,1094605,,TSLA,test
434,159.94,160.77,157.87,158.28,52390266.0,159.0188,2023-03-27 04:00:00,518436,,AAPL,test
434,194.415,197.39,189.94,191.81,120851587.0,193.7046,2023-03-27 04:00:00,1116466,,TSLA,test
435,157.97,158.49,155.98,157.65,45992152.0,156.9785,2023-03-28 04:00:00,432447,,AAPL,test
435,192.0,192.35,185.43,189.19,98654635.0,188.2527,2023-03-28 04:00:00,981383,,TSLA,test
436,159.37,161.05,159.35,160.77,51305691.0,160.216,2023-03-29 04:00:00,472077,,AAPL,test
436,193.13,195.29,189.44,193.88,123660026.0,192.3766,2023-03-29 04:00:00,1020355,,TSLA,test
437,161.53,162.47,161.271,162.36,49210289.0,162.0209,2023-03-30 04:00:00,456152,,AAPL,test
437,195.58,197.33,194.42,195.28,110247738.0,195.8746,2023-03-30 04:00:00,1019986,,TSLA,test
438,162.44,165.0,161.91,164.9,68749792.0,164.0421,2023-03-31 04:00:00,574409,,AAPL,test
438,197.53,207.79,197.2,207.46,170206718.0,203.6711,2023-03-31 04:00:00,1519289,,TSLA,test
439,164.27,166.29,164.22,166.17,56976187.0,165.3487,2023-04-03 04:00:00,568686,,AAPL,test
439,199.91,202.6897,192.2,194.77,169239000.0,196.0193,2023-04-03 04:00:00,1819568,,TSLA,test
440,166.595,166.84,165.11,165.63,46278295.0,165.9131,2023-04-04 04:00:00,456306,,AAPL,test
440,197.32,198.7446,190.32,192.58,126444045.0,193.0305,2023-04-04 04:00:00,1456294,,TSLA,test
441,164.74,165.05,161.8,163.76,51511744.0,163.4912,2023-04-05 04:00:00,533621,,AAPL,test
441,190.515,190.68,183.76,185.52,133882193.0,186.3169,2023-04-05 04:00:00,1507797,,TSLA,test
442,162.43,164.9584,162.0,164.66,45390123.0,164.0257,2023-04-06 04:00:00,446212,,AAPL,test
442,183.08,186.39,179.74,185.06,123857932.0,184.0636,2023-04-06 04:00:00,1178038,,TSLA,test
443,161.42,162.03,160.08,162.03,47670382.0,161.2628,2023-04-10 04:00:00,563913,,AAPL,test
443,179.94,185.1,176.11,184.51,142054637.0,181.065,2023-04-10 04:00:00,1320894,,TSLA,test
444,162.35,162.36,160.51,160.8,47494217.0,161.1314,2023-04-11 04:00:00,490479,,AAPL,test
444,186.69,189.19,185.6475,186.79,115770892.0,187.3863,2023-04-11 04:00:00,1073591,,TSLA,test
445,161.22,162.06,159.78,160.1,50133062.0,160.8845,2023-04-12 04:00:00,514261,,AAPL,test
445,190.74,191.5846,180.31,180.54,150256278.0,184.4904,2023-04-12 04:00:00,1344528,,TSLA,test
446,161.63,165.8,161.42,165.56,68418649.0,164.3531,2023-04-13 04:00:00,595709,,AAPL,test
446,182.955,186.5,180.94,185.9,112932985.0,184.8249,2023-04-13 04:00:00,979661,,TSLA,test
447,164.59,166.32,163.82,165.21,49314480.0,165.0394,2023-04-14 04:00:00,489551,,AAPL,test
447,183.95,186.28,182.01,185.0,96408489.0,184.0059,2023-04-14 04:00:00,874608,,TSLA,test
448,165.09,165.39,164.03,165.23,41516217.0,164.8044,2023-04-17 04:00:00,483388,,AAPL,test
448,186.32,189.69,182.69,187.04,116662189.0,185.6576,2023-04-17 04:00:00,1084265,,TSLA,test
449,166.1,167.41,165.65,166.47,49915508.0,166.3535,2023-04-18 04:00:00,494642,,AAPL,test
449,187.15,187.69,183.5775,184.31,92066996.0,185.1176,2023-04-18 04:00:00,851223,,TSLA,test
450,165.8,168.16,165.54,167.63,47621166.0,167.2806,2023-04-19 04:00:00,473866,,AAPL,test
450,179.1,183.5,177.65,180.59,125727287.0,180.0481,2023-04-19 04:00:00,1398577,,TSLA,test
451,166.09,167.87,165.56,166.65,52456377.0,166.779,2023-04-20 04:00:00,493153,,AAPL,test
451,166.165,169.7,160.56,162.99,210925047.0,164.9342,2023-04-20 04:00:00,2473944,,TSLA,test
452,165.05,166.4521,164.49,165.02,57736141.0,165.0754,2023-04-21 04:00:00,520279,,AAPL,test
452,164.8,166.0,161.3208,165.08,123538954.0,164.1298,2023-04-21 04:00:00,1209577,,TSLA,test
453,165.0,165.6,163.89,165.33,41449581.0,164.9397,2023-04-24 04:00:00,459499,,AAPL,test
453,164.65,165.65,158.61,162.55,140006559.0,161.4701,2023-04-24 04:00:00,1306873,,TSLA,test
454,165.19,166.305,163.73,163.77,48652863.0,164.6479,2023-04-25 04:00:00,501548,,AAPL,test
454,159.82,163.47,158.75,160.67,121999312.0,161.7449,2023-04-25 04:00:00,1054894,,TSLA,test
455,163.055,165.28,162.8,163.76,45487296.0,163.9084,2023-04-26 04:00:00,493403,,AAPL,test
455,160.29,160.67,153.14,153.75,153364142.0,155.8253,2023-04-26 04:00:00,1440737,,TSLA,test
456,165.19,168.56,165.19,168.41,64898729.0,167.3197,2023-04-27 04:00:00,575981,,AAPL,test
456,152.64,160.48,152.37,160.19,127015177.0,157.2154,2023-04-27 04:00:00,1211251,,TSLA,test
457,168.49,169.85,167.8801,169.68,55275851.0,168.9479,2023-04-28 04:00:00,527763,,AAPL,test
457,160.9,165.0,157.32,164.31,122515812.0,162.4465,2023-04-28 04:00:00,1000417,,TSLA,test
458,169.28,170.45,168.64,169.59,52424936.0,169.6586,2023-05-01 04:00:00,540745,,AAPL,test
458,163.17,163.28,158.83,161.83,109000248.0,161.3388,2023-05-01 04:00:00,942091,,TSLA,test
459,170.09,170.35,167.54,168.54,48425696.0,168.6978,2023-05-02 04:00:00,509755,,AAPL,test
459,161.88,165.49,158.93,160.31,128259744.0,161.8159,2023-05-02 04:00:00,1017086,,TSLA,test
460,169.5,170.92,167.16,167.45,65126998.0,169.013,2023-05-03 04:00:00,610052,,AAPL,test
460,160.01,165.0,159.91,160.61,119712912.0,163.2688,2023-05-03 04:00:00,1050061,,TSLA,test
461,164.89,167.04,164.31,165.79,81225673.0,166.0983,2023-05-04 04:00:00,832121,,AAPL,test
461,162.71,162.95,159.65,161.2,95108192.0,161.3815,2023-05-04 04:00:00,856340,,TSLA,test
462,170.975,174.3,170.76,173.57,113402971.0,173.3116,2023-05-05 04:00:00,915977,,AAPL,test
462,163.97,170.7899,163.51,170.06,107575799.0,168.1264,2023-05-05 04:00:00,1000323,,TSLA,test
463,172.48,173.85,172.11,173.5,55962634.0,173.321,2023-05-08 04:00:00,563138,,AAPL,test
463,173.72,173.8,169.19,171.79,112248249.0,171.3729,2023-05-08 04:00:00,1090569,,TSLA,test
464,173.05,173.54,171.6,171.77,45326874.0,172.3162,2023-05-09 04:00:00,456209,,AAPL,test
464,168.95,169.82,166.56,169.15,88859843.0,168.1513,2023-05-09 04:00:00,923861,,TSLA,test
465,173.02,174.03,171.9,173.555,53724501.0,173.1737,2023-05-10 04:00:00,511486,,AAPL,test
465,172.55,174.43,166.68,168.54,119798843.0,170.2634,2023-05-10 04:00:00,1252311,,TSLA,test
466,173.85,174.59,172.17,173.75,49473076.0,173.4903,2023-05-11 04:00:00,501955,,AAPL,test
466,168.7,173.57,166.79,172.08,103871205.0,169.581,2023-05-11 04:00:00,1111436,,TSLA,test
467,173.62,174.06,171.0,172.57,45533138.0,172.3696,2023-05-12 04:00:00,490533,,AAPL,test
467,176.07,177.38,167.23,167.98,157768815.0,171.2819,2023-05-12 04:00:00,1519118,,TSLA,test
468,173.16,173.21,171.47,172.07,37264259.0,172.1109,2023-05-15 04:00:00,444785,,AAPL,test
468,167.655,169.76,164.5499,166.35,105592510.0,166.901,2023-05-15 04:00:00,1001741,,TSLA,test
469,171.99,173.1383,171.7991,172.07,42110293.0,172.2781,2023-05-16 04:00:00,436165,,AAPL,test
469,165.65,169.5184,164.35,166.52,98287142.0,167.3766,2023-05-16 04:00:00,919427,,TSLA,test
470,171.71,172.925,170.4201,172.69,57934404.0,171.85,2023-05-17 04:00:00,554940,,AAPL,test
470,168.41,174.5,167.185,173.86,125439358.0,172.3315,2023-05-17 04:00:00,1177814,,TSLA,test
471,173.0,175.24,172.58,175.05,65496657.0,174.3014,2023-05-18 04:00:00,595692,,AAPL,test
471,174.22,177.06,172.45,176.89,109520332.0,174.8142,2023-05-18 04:00:00,1017064,,TSLA,test
472,176.39,176.39,174.94,175.16,55525641.0,175.5191,2023-05-19 04:00:00,532731,,AAPL,test
472,177.17,181.95,176.31,180.14,136190926.0,179.5693,2023-05-19 04:00:00,1218727,,TSLA,test
473,173.98,174.71,173.45,174.2,43570932.0,174.1828,2023-05-22 04:00:00,526393,,AAPL,test
473,180.7,189.32,180.11,188.87,132001430.0,185.6701,2023-05-22 04:00:00,1292954,,TSLA,test
474,173.13,173.3794,171.275,171.56,50745163.0,172.1908,2023-05-23 04:00:00,535091,,AAPL,test
474,186.2,192.96,185.26,185.77,156952042.0,188.7664,2023-05-23 04:00:00,1376479,,TSLA,test
475,171.09,172.4183,170.52,171.84,43711588.0,171.5088,2023-05-24 04:00:00,492275,,AAPL,test
475,182.23,184.22,178.22,182.9,137603831.0,181.4964,2023-05-24 04:00:00,1266046,,TSLA,test
476,172.41,173.895,171.69,172.99,55889523.0,172.8818,2023-05-25 04:00:00,534909,,AAPL,test
476,186.54,186.78,180.58,184.47,96870719.0,184.1518,2023-05-25 04:00:00,954331,,TSLA,test
477,173.32,175.77,173.11,175.43,54834975.0,175.1454,2023-05-26 04:00:00,529918,,AAPL,test
477,184.62,198.6,184.53,193.17,162030446.0,193.1191,2023-05-26 04:00:00,1506510,,TSLA,test
478,176.96,178.99,176.57,177.3,55963954.0,177.4489,2023-05-30 04:00:00,651318,,AAPL,test
478,200.1,204.48,197.53,201.16,128811186.0,200.4723,2023-05-30 04:00:00,1392075,,TSLA,test
479,177.325,179.35,176.76,177.25,99625288.0,177.9376,2023-05-31 04:00:00,669221,,AAPL,test
479,199.78,203.95,195.12,203.93,150663736.0,199.4814,2023-05-31 04:00:00,1291743,,TSLA,test
480,177.7,180.12,176.9306,180.09,68901712.0,179.3796,2023-06-01 04:00:00,624132,,AAPL,test
480,202.59,209.8,199.37,207.52,148029931.0,205.0753,2023-06-01 04:00:00,1452082,,TSLA,test
